<?xml version="1.0" encoding="UTF-8"?>
<list xmlns:xsi="http://www.w3.org/2001/XMLSchema-instance" xsi:noNamespaceSchemaLocation="xsd/PrimeShop.xsd">
	<!--
	category = Enchant 1
	category = Supplies 2
	category = Decorating 3
	category = Package 4
	category = Others 5
	category = Event 6
	category = Best 7
	category = Event & Best 8
	-->
	<product id="1050021" category="2" points="3" item="22025" count="1" /> <!-- Powerful Healing Potion -->
	<product id="1050022" category="2" points="1" item="22026" count="1" /> <!-- High-grade Healing Potion -->
	<product id="1080001" category="2" points="200" item="22000" count="1" /> <!-- Small fortuna box -->
	<product id="1080002" category="2" points="270" item="22001" count="1" /> <!-- Middle fortuna box -->
	<product id="1080003" category="2" points="405" item="22002" count="1" /> <!-- Large fortuna box -->
	<product id="1080004" category="2" points="81" item="22003" count="1" /> <!-- Small fortuna cube -->
	<product id="1080005" category="2" points="216" item="22004" count="1" /> <!-- Middle fortuna cube -->
	<product id="1080006" category="2" points="324" item="22005" count="1" /> <!-- Large fortuna cube -->
	<product id="1080009" category="2" points="4" item="22027" count="1" /> <!-- Secret medicine of Will - D grade -->
	<product id="1080010" category="2" points="13" item="22028" count="1" /> <!-- Secret medicine of Will - C grade -->
	<product id="1080011" category="2" points="22" item="22029" count="1" /> <!-- Secret medicine of Will - B grade -->
	<product id="1080012" category="2" points="34" item="22030" count="1" /> <!-- Secret medicine of Will - A grade -->
	<product id="1080013" category="2" points="49" item="22031" count="1" /> <!-- Secret medicine of Will - S grade -->
	<product id="1080014" category="2" points="10" item="22032" count="1" /> <!-- Secret medicine of Life - D grade -->
	<product id="1080015" category="2" points="30" item="22033" count="1" /> <!-- Secret medicine of Life - C grade -->
	<product id="1080016" category="2" points="54" item="22034" count="1" /> <!-- Secret medicine of Life - B grade -->
	<product id="1080017" category="2" points="85" item="22035" count="1" /> <!-- Secret medicine of Life - A grade -->
	<product id="1080018" category="2" points="122" item="22036" count="1" /> <!-- Secret medicine of Life - S grade -->
	<product id="1080019" category="2" points="4" item="22037" count="1" /> <!-- Potion of Will -->
	<product id="1080021" category="5" points="4" item="22039" count="1" /> <!-- Wind Walk Scroll -->
	<product id="1080022" category="2" points="8" item="22040" count="1" /> <!-- Haste Scroll -->
	<product id="1080023" category="2" points="4" item="22041" count="1" /> <!-- Might Scroll -->
	<product id="1080024" category="2" points="4" item="22042" count="1" /> <!-- Shield Scroll -->
	<product id="1080025" category="2" points="8" item="22043" count="1" /> <!-- Death Whisper Scroll -->
	<product id="1080026" category="2" points="8" item="22044" count="1" /> <!-- Guidance Scroll -->
	<product id="1080027" category="2" points="8" item="22045" count="1" /> <!-- Empower Scroll -->
	<product id="1080028" category="2" points="8" item="22046" count="1" /> <!-- Grater Acumen Scroll -->
	<product id="1080029" category="2" points="8" item="22047" count="1" /> <!-- Vampiric Rage Scroll -->
	<product id="1080030" category="2" points="8" item="22048" count="1" /> <!-- Bless the Body Scroll -->
	<product id="1080031" category="2" points="8" item="22049" count="1" /> <!-- Berserker Spirit Scroll -->
	<product id="1080032" category="2" points="4" item="22050" count="1" /> <!-- Magic Barrier Scroll -->
	<product id="1080033" category="2" points="8" item="22060" count="1" /> <!-- Rune of SP - 336 Hour Expiration Period -->
	<product id="1080034" category="2" points="8" item="22061" count="1" /> <!-- Rune of SP - 720 Hour Expiration Period -->
	<product id="1080035" category="2" points="8" item="22062" count="1" /> <!-- Crystal form Rune - 24 Hour Expiration Period -->
	<product id="1080048" category="1" points="68" item="22066" count="1" /> <!-- Rune of Feather - 24 Hour Expiration Period -->
	<product id="1080049" category="4" points="52" item="22087" count="1" /> <!-- A Scroll Bundle of Fighter -->
	<product id="1080050" category="4" points="59" item="22088" count="1" /> <!-- A Scroll Bundle of Mage -->
	<product id="1080051" category="4" points="21" item="22089" count="1" /> <!-- Bone Quiver -->
	<product id="1080052" category="4" points="34" item="22090" count="1" /> <!-- Steel Quiver -->
	<product id="1080053" category="4" points="48" item="22091" count="1" /> <!-- Silver Quiver -->
	<product id="1080054" category="4" points="54" item="22092" count="1" /> <!-- Mithril Quiver -->
	<product id="1080055" category="4" points="68" item="22093" count="1" /> <!-- Quiver of Light -->
	<product id="1080056" category="4" points="21" item="22149" count="1" /> <!-- Bone Bolt Container -->
	<product id="1080057" category="4" points="34" item="22150" count="1" /> <!-- Steel Bolt Container -->
	<product id="1080058" category="4" points="48" item="22151" count="1" /> <!-- Silver Bolt Container -->
	<product id="1080059" category="4" points="54" item="22152" count="1" /> <!-- Mithril Bolt Container -->
	<product id="1080060" category="4" points="68" item="22153" count="1" /> <!-- Bolt Container of Light -->
	<product id="1080061" category="4" points="31" item="22094" count="1" /> <!-- Blessed Spiritshot Pack - D grade -->
	<product id="1080062" category="4" points="61" item="22095" count="1" /> <!-- Blessed Spiritshot Pack - C grade -->
	<product id="1080063" category="4" points="166" item="22096" count="1" /> <!-- Blessed Spiritshot Pack - B grade -->
	<product id="1080064" category="4" points="196" item="22097" count="1" /> <!-- Blessed Spiritshot Pack - A grade -->
	<product id="1080065" category="4" points="237" item="22098" count="1" /> <!-- Blessed Spiritshot Pack - S grade -->
	<product id="1080066" category="4" points="12" item="22099" count="1" /> <!-- Spiritshot Pack - D grade -->
	<product id="1080067" category="4" points="24" item="22100" count="1" /> <!-- Spiritshot Pack - C grade -->
	<product id="1080068" category="4" points="68" item="22101" count="1" /> <!-- Spiritshot Pack - B grade -->
	<product id="1080069" category="4" points="81" item="22102" count="1" /> <!-- Spiritshot Pack - A grade -->
	<product id="1080070" category="4" points="102" item="22103" count="1" /> <!-- Spiritshot Pack - S grade -->
	<product id="1080071" category="4" points="8" item="22104" count="1" /> <!-- Soulshot Pack - D grade -->
	<product id="1080072" category="4" points="10" item="22105" count="1" /> <!-- Soulshot Pack - C grade -->
	<product id="1080073" category="4" points="34" item="22106" count="1" /> <!-- Soulshot Pack - B grade -->
	<product id="1080074" category="4" points="54" item="22107" count="1" /> <!-- Soulshot Pack - A grade -->
	<product id="1080075" category="4" points="68" item="22108" count="1" /> <!-- Soulshot Pack - S grade -->
	<product id="1080076" category="4" points="61" item="22109" count="1" /> <!-- Blessed Spiritshot Large Pack - D grade -->
	<product id="1080077" category="4" points="122" item="22110" count="1" /> <!-- Blessed Spiritshot Large Pack - C grade -->
	<product id="1080078" category="4" points="331" item="22111" count="1" /> <!-- Blessed Spiritshot Large Pack - B grade -->
	<product id="1080079" category="4" points="392" item="22112" count="1" /> <!-- Blessed Spiritshot Large Pack - A grade -->
	<product id="1080080" category="4" points="473" item="22113" count="1" /> <!-- Blessed Spiritshot Large Pack - S grade -->
	<product id="1080081" category="4" points="24" item="22114" count="1" /> <!-- Spiritshot Large Pack - D grade -->
	<product id="1080082" category="4" points="48" item="22115" count="1" /> <!-- Spiritshot Large Pack - C grade -->
	<product id="1080083" category="4" points="135" item="22116" count="1" /> <!-- Spiritshot Large Pack - B grade -->
	<product id="1080084" category="4" points="162" item="22117" count="1" /> <!-- Spiritshot Large Pack - A grade -->
	<product id="1080085" category="4" points="203" item="22118" count="1" /> <!-- Spiritshot Large Pack - S grade -->
	<product id="1080086" category="4" points="14" item="22119" count="1" /> <!-- Soulshot Large Pack - D grade -->
	<product id="1080087" category="4" points="21" item="22120" count="1" /> <!-- Soulshot Large Pack - C grade -->
	<product id="1080088" category="4" points="68" item="22121" count="1" /> <!-- Soulshot Large Pack - B grade -->
	<product id="1080089" category="4" points="108" item="22122" count="1" /> <!-- Soulshot Large Pack - A grade -->
	<product id="1080090" category="4" points="135" item="22123" count="1" /> <!-- Soulshot Large Pack - S grade -->
	<product id="1080091" category="3" points="338" item="22124" count="1" /> <!-- Wrapped daisy hairpin -->
	<product id="1080092" category="3" points="338" item="22125" count="1" /> <!-- Wrapped forget-me-not hairpin -->
	<product id="1080093" category="3" points="338" item="22126" count="1" /> <!-- Wrapped outlaws eyepatch -->
	<product id="1080094" category="3" points="338" item="22127" count="1" /> <!-- Wrapped pirates eyepatch -->
	<product id="1080095" category="3" points="338" item="22128" count="1" /> <!-- Wrapped Monocle -->
	<product id="1080096" category="3" points="338" item="22129" count="1" /> <!-- Wrapped Red Mask of Victory -->
	<product id="1080097" category="3" points="338" item="22130" count="1" /> <!-- Wrapped Red Horn of Victory -->
	<product id="1080098" category="3" points="338" item="22131" count="1" /> <!-- Wrapped Party Mask -->
	<product id="1080099" category="3" points="338" item="22132" count="1" /> <!-- Wrapped Red Party Mask -->
	<product id="1080100" category="3" points="338" item="22133" count="1" /> <!-- Wrapped Cat Ear -->
	<product id="1080101" category="3" points="338" item="22134" count="1" /> <!-- Wrapped Noblewomans Hairpin -->
	<product id="1080102" category="3" points="338" item="22135" count="1" /> <!-- Wrapped Raccoon Ear -->
	<product id="1080103" category="3" points="338" item="22136" count="1" /> <!-- Wrapped Rabbit Ear -->
	<product id="1080104" category="3" points="338" item="22137" count="1" /> <!-- Wrapped Little Angels Wings -->
	<product id="1080105" category="3" points="338" item="22138" count="1" /> <!-- Wrapped Fairys Tentacle -->
	<product id="1080106" category="3" points="338" item="22139" count="1" /> <!-- Wrapped Dandys Chapeau -->
	<product id="1080107" category="3" points="338" item="22140" count="1" /> <!-- Wrapped Artisans Goggles -->
	<product id="1080112" category="1" points="33" item="20335" count="1" /> <!-- Rune of Experience: 30% - 5 hour limited time -->
	<product id="1080113" category="1" points="54" item="20336" count="1" /> <!-- Rune of Exp. Points 50% - 5 Hour Expiration Period -->
	<product id="1080114" category="1" points="52" item="20337" count="1" /> <!-- Rune of Exp. Points 30% - 10 Hour Expiration Period -->
	<product id="1080115" category="1" points="87" item="20338" count="1" /> <!-- Rune of Exp. Points 50% - 10 Hour Expiration Period -->
	<product id="1080116" category="1" points="697" item="20339" count="1" /> <!-- Rune of Exp. Points 30% - 7 Day Expiration Period -->
	<product id="1080117" category="1" points="1161" item="20340" count="1" /> <!-- Rune of Exp. Points 50% - 7 Day Expiration Period -->
	<product id="1080118" category="1" points="17" item="20341" count="1" /> <!-- Rune of SP 30% - 5 Hour Expiration Period -->
	<product id="1080119" category="1" points="27" item="20342" count="1" /> <!-- Rune of SP 50% - 5 Hour Expiration Period -->
	<product id="1080120" category="1" points="26" item="20343" count="1" /> <!-- Rune of SP 30% - 10 Hour Expiration Period -->
	<product id="1080121" category="1" points="44" item="20344" count="1" /> <!-- Rune of SP 50% - 10 Hour Expiration Period -->
	<product id="1080122" category="1" points="349" item="20345" count="1" /> <!-- Rune of SP 30% - 7 Day Expiration Period -->
	<product id="1080123" category="1" points="581" item="20346" count="1" /> <!-- Rune of SP 50% - 7 Day Expiration Period -->
	<product id="1080124" category="1" points="33" item="20347" count="1" /> <!-- Rune of Crystal level 3 - 5 Hour Expiration Period -->
	<product id="1080125" category="1" points="54" item="20348" count="1" /> <!-- Rune of Crystal level 5 - 5 Hour Expiration Period -->
	<product id="1080126" category="1" points="52" item="20349" count="1" /> <!-- Rune of Crystal level 3 - 10 Hour Expiration Period -->
	<product id="1080127" category="1" points="87" item="20350" count="1" /> <!-- Rune of Crystal level 5 - 10 Hour Expiration Period -->
	<product id="1080128" category="1" points="697" item="20351" count="1" /> <!-- Rune of Crystal level 3 - 7 Day Expiration Period -->
	<product id="1080129" category="1" points="1161" item="20352" count="1" /> <!-- Rune of Crystal level 5 - 7 Day Expiration Period -->
	<product id="1080130" category="1" points="21" item="12362" count="1" /> <!-- Weapon-Type Enhance Backup Stone (D-Grade) -->
	<product id="1080131" category="1" points="45" item="12363" count="1" /> <!-- Weapon-Type Enhance Backup Stone (C-Grade) -->
	<product id="1080132" category="1" points="203" item="12364" count="1" /> <!-- Weapon-Type Enhance Backup Stone (B-Grade) -->
	<product id="1080133" category="1" points="729" item="12365" count="1" /> <!-- Weapon-Type Enhance Backup Stone (A-Grade) -->
	<product id="1080134" category="1" points="2025" item="12366" count="1" /> <!-- Weapon-Type Enhance Backup Stone (S-Grade) -->
	<product id="1080135" category="1" points="4" item="12367" count="1" /> <!-- Armor-Type Enhance Backup Stone (D-Grade) -->
	<product id="1080136" category="1" points="7" item="12368" count="1" /> <!-- Armor-Type Enhance Backup Stone (C-Grade) -->
	<product id="1080137" category="1" points="29" item="12369" count="1" /> <!-- Armor-Type Enhance Backup Stone (B-Grade) -->
	<product id="1080138" category="1" points="104" item="12370" count="1" /> <!-- Armor-Type Enhance Backup Stone (A-Grade) -->
	<product id="1080139" category="1" points="290" item="12371" count="1" /> <!-- Armor-Type Enhance Backup Stone (S-Grade) -->
	<product id="1080140" category="4" points="14" item="20326" count="1" /> <!-- Beast Soulshot Pack -->
	<product id="1080141" category="4" points="11" item="20327" count="1" /> <!-- Beast Spiritshot Pack -->
	<product id="1080142" category="4" points="68" item="20328" count="1" /> <!-- Blessed Beast Spiritshot Pack -->
	<product id="1080143" category="4" points="27" item="20329" count="1" /> <!-- Beast Soulshot Large Pack -->
	<product id="1080144" category="4" points="22" item="20330" count="1" /> <!-- Beast Spiritshot Large Pack -->
	<product id="1080145" category="4" points="135" item="20331" count="1" /> <!-- Blessed Beast Spiritshot Large Pack -->
	<product id="1080146" category="5" points="30" item="20364" count="1" /> <!-- Omen Beast Transformation Scroll -->
	<product id="1080147" category="5" points="30" item="20365" count="1" /> <!-- Death Blader Transformation Scroll -->
	<product id="1080148" category="5" points="30" item="20366" count="1" /> <!-- Grail Apostle Transformation Scroll -->
	<product id="1080149" category="5" points="30" item="20367" count="1" /> <!-- Unicorn Transformation Scroll -->
	<product id="1080150" category="5" points="30" item="20368" count="1" /> <!-- Lilim Knight Transformation Scroll -->
	<product id="1080151" category="5" points="30" item="20369" count="1" /> <!-- Golem Guardian Transformation Scroll -->
	<product id="1080152" category="5" points="30" item="20370" count="1" /> <!-- Inferno Drake Transformation Scroll -->
	<product id="1080153" category="5" points="30" item="20371" count="1" /> <!-- Dragon Bomber Transformation Scroll -->
	<product id="1080154" category="5" points="27" item="20372" count="1" /> <!-- Escape - Talking Island Village -->
	<product id="1080155" category="5" points="27" item="20373" count="1" /> <!-- Escape - Elven Village -->
	<product id="1080156" category="5" points="27" item="20374" count="1" /> <!-- Escape - Dark Elven Village -->
	<product id="1080157" category="5" points="27" item="20375" count="1" /> <!-- Escape - Orc Village -->
	<product id="1080158" category="5" points="27" item="20376" count="1" /> <!-- Escape - Dwarven Village -->
	<product id="1080159" category="5" points="27" item="20377" count="1" /> <!-- Escape - Gludin Village -->
	<product id="1080160" category="5" points="27" item="20378" count="1" /> <!-- Escape - Town of Gludio -->
	<product id="1080161" category="5" points="27" item="20379" count="1" /> <!-- Escape - Town of Dion -->
	<product id="1080162" category="5" points="27" item="20380" count="1" /> <!-- Escape - Floran Village -->
	<product id="1080163" category="5" points="27" item="20381" count="1" /> <!-- Escape - Giran Castle Town -->
	<product id="1080164" category="5" points="27" item="20382" count="1" /> <!-- Escape - Hardins Academy -->
	<product id="1080165" category="5" points="27" item="20383" count="1" /> <!-- Escape - Heine -->
	<product id="1080166" category="5" points="27" item="20384" count="1" /> <!-- Escape - Town of Oren -->
	<product id="1080167" category="5" points="27" item="20385" count="1" /> <!-- Escape - Ivory Tower -->
	<product id="1080168" category="5" points="27" item="20386" count="1" /> <!-- Escape - Hunters Village -->
	<product id="1080169" category="5" points="27" item="20387" count="1" /> <!-- Escape - Town of Aden -->
	<product id="1080170" category="5" points="27" item="20388" count="1" /> <!-- Escape - Town of Goddard -->
	<product id="1080171" category="5" points="27" item="20389" count="1" /> <!-- Escape - Rune Township -->
	<product id="1080172" category="5" points="27" item="20390" count="1" /> <!-- Escape - Town of Schuttgart -->
	<product id="1080173" category="5" points="675" item="13015" count="1" /> <!-- My Teleport Spellbook -->
	<product id="1080174" category="5" points="135" item="13016" count="5" /> <!-- My Teleport Scroll -->
	<product id="1080175" category="5" points="270" item="13016" count="10" /> <!-- My Teleport Scroll -->
	<product id="1080176" category="5" points="338" item="20033" count="5" /> <!-- My Teleport Flag -->
	<product id="1080177" category="5" points="675" item="20033" count="10" /> <!-- My Teleport Flag -->
	<product id="1080178" category="5" points="338" item="13010" count="5" /> <!-- Extra Entrance Pass - Kamaloka (Hall of the Abyss) -->
	<product id="1080179" category="5" points="675" item="13010" count="10" /> <!-- Extra Entrance Pass - Kamaloka (Hall of the Abyss) -->
	<product id="1080180" category="5" points="338" item="13011" count="5" /> <!-- Extra Entrance Pass - Near Kamaloka -->
	<product id="1080181" category="5" points="675" item="13011" count="10" /> <!-- Extra Entrance Pass - Near Kamaloka -->
	<product id="1080182" category="5" points="338" item="13012" count="5" /> <!-- Extra Entrance Pass - Kamaloka (Labyrinth of the Abyss) -->
	<product id="1080183" category="5" points="675" item="13012" count="10" /> <!-- Extra Entrance Pass - Kamaloka (Labyrinth of the Abyss) -->
	<product id="1080185" category="5" points="268" item="13021" count="1" /> <!-- Color Name -->
	<product id="1080186" category="3" points="14" item="5592" count="1" /> <!-- Greater CP Potion -->
	<product id="1080197" category="3" points="142" item="20391" count="1" /> <!-- Potion of Energy Maintenance -->
	<product id="1080198" category="3" points="68" item="20392" count="1" /> <!-- Potion of Vitality Replenishin -->
	<product id="1080199" category="5" points="79" item="20393" count="1" /> <!-- Sweet Fruit Cocktail -->
	<product id="1080200" category="5" points="91" item="20394" count="1" /> <!-- Fresh Fruit Cocktail -->
	<product id="1080201" category="3" points="338" item="139" count="1" /> <!-- Sudden Agathion 7 Day Pack -->
	<product id="1080202" category="3" points="338" item="140" count="1" /> <!-- Shiny Agathion 7 Day Pack -->
	<product id="1080203" category="3" points="338" item="141" count="1" /> <!-- Sobbing Agathion 7 Day Pack -->
	<product id="1080205" category="3" points="254" item="13370" count="1" /> <!-- Pumpkin Transformation Stick 7-Day Pack (Event) -->
	<product id="1080206" category="3" points="169" item="13371" count="1" /> <!-- Kat the Cat Hat 7-Day Pack (Event) -->
	<product id="1080207" category="3" points="169" item="13372" count="1" /> <!-- Feline Queen Hat 7-Day Pack (Event) -->
	<product id="1080208" category="3" points="169" item="13373" count="1" /> <!-- Monster Eye Hat 7-Day Pack (Event) -->
	<product id="1080209" category="3" points="169" item="13374" count="1" /> <!-- Brown Bear Hat 7-Day Pack (Event) -->
	<product id="1080210" category="3" points="169" item="13375" count="1" /> <!-- Fungus Hat 7-Day Pack (Event) -->
	<product id="1080211" category="3" points="169" item="13376" count="1" /> <!-- Skull Hat 7-Day Pack (Event) -->
	<product id="1080212" category="3" points="169" item="13377" count="1" /> <!-- Ornithomimus Hat 7-Day Pack (Event) -->
	<product id="1080213" category="3" points="169" item="13378" count="1" /> <!-- Feline King Hat 7-Day Pack (Event) -->
	<product id="1080214" category="3" points="169" item="13379" count="1" /> <!-- Kai the Cat Hat 7-Day Pack (Event) -->
	<product id="1080229" category="3" points="169" item="13380" count="1" /> <!-- OX Stick 7-Day Pack (Event) -->
	<product id="1080230" category="3" points="506" item="13381" count="1" /> <!-- Rock-Paper-Scissors Stick 7-Day Pack (Event) -->
	<product id="1080236" category="5" points="199" item="17019" count="1" /> <!-- Mounting Item 3 Pack -->
	<product id="1080238" category="5" points="89" item="14054" count="1" /> <!-- Steam Beatle Mounting Bracelet - 7-day Limited Period -->
	<product id="1080239" category="5" points="89" item="13022" count="1" /> <!-- Light Purple-Maned Horse Mounting Bracelet - 7 day limited period -->
	<product id="1080240" category="5" points="18" item="15438" count="1" /> <!-- 10 minute Energy Maintaining Potion -->
	<product id="1080241" category="5" points="54" item="15440" count="1" /> <!-- Vitality Maintenance Potion - 30 minutes -->
	<product id="1080242" category="5" points="24" item="20572" count="1" /> <!-- Rune of Exp. Points 30% - 3 hours limited time -->
	<product id="1080243" category="5" points="9" item="21084" count="1" /> <!-- Rune of Exp. Points 30% -->
	<product id="1080244" category="5" points="5" item="21086" count="1" /> <!-- Rune of SP 30% -->
	<product id="1080245" category="5" points="15" item="21030" count="1" /> <!-- Hardins Divine Protection -->
	<product id="1080246" category="5" points="15" item="21031" count="1" /> <!-- Hardins Blessing -->
	<product id="1080247" category="5" points="5" item="21032" count="1" /> <!-- Silpeeds Wing -->
	<product id="1080248" category="5" points="92" item="21033" count="1" /> <!-- Silpeeds Blessing -->
	<product id="1080249" category="5" points="1" item="21038" count="1" /> <!-- Potion of a Hero -->
	<!-- Event -->
	<product id="1080205" category="6" points="254" item="13370" count="1" /> <!-- Pumpkin Transformation Stick 7-Day Pack (Event) -->
	<product id="1080206" category="6" points="169" item="13371" count="1" /> <!-- Kat the Cat Hat 7-Day Pack (Event) -->
	<product id="1080207" category="6" points="169" item="13372" count="1" /> <!-- Feline Queen Hat 7-Day Pack (Event) -->
	<product id="1080208" category="6" points="169" item="13373" count="1" /> <!-- Monster Eye Hat 7-Day Pack (Event) -->
	<product id="1080209" category="6" points="169" item="13374" count="1" /> <!-- Brown Bear Hat 7-Day Pack (Event) -->
	<product id="1080210" category="6" points="169" item="13375" count="1" /> <!-- Fungus Hat 7-Day Pack (Event) -->
	<product id="1080211" category="6" points="169" item="13376" count="1" /> <!-- Skull Hat 7-Day Pack (Event) -->
	<product id="1080212" category="6" points="169" item="13377" count="1" /> <!-- Ornithomimus Hat 7-Day Pack (Event) -->
	<product id="1080213" category="6" points="169" item="13378" count="1" /> <!-- Feline King Hat 7-Day Pack (Event) -->
	<product id="1080214" category="6" points="169" item="13379" count="1" /> <!-- Kai the Cat Hat 7-Day Pack (Event) -->
	<product id="1080229" category="6" points="169" item="13380" count="1" /> <!-- OX Stick 7-Day Pack (Event) -->
	<product id="1080230" category="6" points="506" item="13381" count="1" /> <!-- Rock-Paper-Scissors Stick 7-Day Pack (Event) -->
	<!-- Best -->
	<product id="1080076" category="7" points="61" item="22109" count="1" /> <!-- Blessed Spiritshot Large Pack - D grade -->
	<product id="1080077" category="7" points="122" item="22110" count="1" /> <!-- Blessed Spiritshot Large Pack - C grade -->
	<product id="1080078" category="7" points="331" item="22111" count="1" /> <!-- Blessed Spiritshot Large Pack - B grade -->
	<product id="1080079" category="7" points="392" item="22112" count="1" /> <!-- Blessed Spiritshot Large Pack - A grade -->
	<product id="1080080" category="7" points="473" item="22113" count="1" /> <!-- Blessed Spiritshot Large Pack - S grade -->
	<product id="1080081" category="7" points="24" item="22114" count="1" /> <!-- Spiritshot Large Pack - D grade -->
	<product id="1080082" category="7" points="48" item="22115" count="1" /> <!-- Spiritshot Large Pack - C grade -->
	<product id="1080083" category="7" points="135" item="22116" count="1" /> <!-- Spiritshot Large Pack - B grade -->
	<product id="1080084" category="7" points="162" item="22117" count="1" /> <!-- Spiritshot Large Pack - A grade -->
	<product id="1080085" category="7" points="203" item="22118" count="1" /> <!-- Spiritshot Large Pack - S grade -->
	<product id="1080086" category="7" points="14" item="22119" count="1" /> <!-- Soulshot Large Pack - D grade -->
	<product id="1080087" category="7" points="21" item="22120" count="1" /> <!-- Soulshot Large Pack - C grade -->
	<product id="1080088" category="7" points="68" item="22121" count="1" /> <!-- Soulshot Large Pack - B grade -->
	<product id="1080089" category="7" points="108" item="22122" count="1" /> <!-- Soulshot Large Pack - A grade -->
	<product id="1080090" category="7" points="135" item="22123" count="1" /> <!-- Soulshot Large Pack - S grade -->
</list>