<?xml version="1.0" encoding="UTF-8"?>
<!-- Possible "repeatStyle" are: -->
<!-- "back": NPC moves from first point to last point, then moves back through last point but one, and so on to the first point. -->
<!-- "cycle": NPC moves from first point to last point, then moves directly to the first point. -->
<!-- "conveyor": NPC moves from first point to last point, then teleports directly to the first point. -->
<!-- "random": NPC randomly moves between points. -->
<!-- Documentation for Strings: -->
<!-- npcString = to use String Variables from NpcStringId.java -->
<!-- npcStringId = to use String IDs from client NpcString-e.dat -->
<!-- string = to use any custom text, example: string="Hello World" -->
<routes xmlns:xsi="http://www.w3.org/2001/XMLSchema-instance" xsi:noNamespaceSchemaLocation="xsd/Routes.xsd">
	<route name="FPC_Giran_Evi" repeat="true" repeatStyle="cycle">
		<target id="80000" spawnX="83485" spawnY="147998" spawnZ="-3407" />
		<point X="83485" Y="147998" Z="-3407" delay="10" run="true" /> <!-- Gatekeeper -->
		<point X="82853" Y="148022" Z="-3470" delay="0" run="true" />
		<point X="82117" Y="147642" Z="-3469" delay="0" run="true" />
		<point X="82084" Y="147569" Z="-3469" delay="12" run="true" /> <!-- Olympiad Manager -->
		<point X="81532" Y="147578" Z="-3469" delay="0" run="true" />
		<point X="81593" Y="146626" Z="-3533" delay="3" run="true" />
		<point X="81932" Y="146566" Z="-3533" delay="0" run="true" />
		<point X="82651" Y="146714" Z="-3466" delay="20" run="true" /> <!-- Dimesional Merchant -->
		<point X="82807" Y="146649" Z="-3465" delay="0" run="true" />
		<point X="83192" Y="146680" Z="-3464" delay="28" run="true" /> <!-- Warehouse -->
		<point X="83198" Y="146731" Z="-3469" delay="88" run="true" /> <!-- Warehouse 2 -->
		<point X="81659" Y="146555" Z="-3533" delay="3" run="true" />
		<point X="81283" Y="145519" Z="-3533" delay="0" run="true" />
		<point X="80201" Y="145826" Z="-3524" delay="0" run="true" />
		<point X="79968" Y="145826" Z="-3497" delay="0" run="true" />
		<point X="79781" Y="145546" Z="-3496" delay="0" run="true" />
		<point X="79736" Y="145518" Z="-3495" delay="0" run="true" />
		<point X="79663" Y="145529" Z="-3496" delay="40" run="true" /> <!-- Galladucci -->
		<point X="79661" Y="145429" Z="-3495" delay="80" run="true" /> <!-- Alexandria -->
		<point X="79999" Y="145152" Z="-3496" delay="0" run="true" />
		<point X="80393" Y="145136" Z="-3533" delay="0" run="true" />
		<point X="81061" Y="145563" Z="-3533" delay="0" run="true" />
		<point X="81563" Y="145532" Z="-3533" delay="3" run="true" />
		<point X="81517" Y="147231" Z="-3533" delay="0" run="true" />
		<point X="81542" Y="147570" Z="-3469" delay="0" run="true" />
		<point X="81139" Y="148567" Z="-3469" delay="0" run="true" />
		<point X="81413" Y="149700" Z="-3469" delay="52" run="true" /> <!-- Clan Hall Managers -->
		<point X="82815" Y="148840" Z="-3469" delay="3" run="true" />
		<point X="83318" Y="148422" Z="-3406" delay="0" run="true" />
	</route>
	<!-- Hellbound Town routes for Patrols -->
	<route name="castletownguard01" repeat="true" repeatStyle="random">
		<target id="22360" spawnX="14840" spawnY="251949" spawnZ="-2009" /> <!-- Town Patrolman -->
		<point X="14840" Y="251949" Z="-1992" delay="0" run="false" />
		<point X="14679" Y="253399" Z="-2016" delay="0" run="false" />
	</route>
	<route name="castletownguard02" repeat="true" repeatStyle="random">
		<target id="22360" spawnX="16082" spawnY="251790" spawnZ="-2000" /> <!-- Town Patrolman -->
		<point X="16082" Y="251790" Z="-1992" delay="0" run="false" />
		<point X="16388" Y="252456" Z="-2000" delay="0" run="false" />
		<point X="16093" Y="254443" Z="-2064" delay="0" run="false" />
	</route>
	<route name="castletownguard03" repeat="true" repeatStyle="random">
		<target id="22360" spawnX="16524" spawnY="255244" spawnZ="-2080" /> <!-- Town Patrolman -->
		<point X="16524" Y="255244" Z="-2072" delay="0" run="false" />
		<point X="17211" Y="256290" Z="-2064" delay="0" run="false" />
		<point X="18805" Y="256302" Z="-2088" delay="0" run="false" />
	</route>
	<route name="castletownguard04" repeat="true" repeatStyle="random">
		<target id="22360" spawnX="17670" spawnY="252256" spawnZ="-2022" /> <!-- Town Patrolman -->
		<point X="17344" Y="251070" Z="-1952" delay="0" run="false" />
		<point X="18708" Y="250659" Z="-1992" delay="0" run="false" />
		<point X="19533" Y="250667" Z="-2016" delay="0" run="false" />
	</route>
	<!-- Anomic Foundry routes for Lesser and Greater Evil -->
	<route name="malign_conveyor_1_1" repeat="true" repeatStyle="conveyor">
		<target id="22398" spawnX="27883" spawnY="248613" spawnZ="-3209" /> <!-- Lesser Evil -->
		<point X="27886" Y="248609" Z="-3208" delay="0" run="true" />
		<point X="28150" Y="247726" Z="-3272" delay="0" run="true" />
		<point X="27340" Y="246649" Z="-3680" delay="0" run="true" />
		<point X="27646" Y="245922" Z="-3672" delay="0" run="true" />
		<!-- <point X="28247" Y="245907" Z="-2552" delay="0" run="true" /> --> <!-- retail -->
		<point X="28070" Y="245920" Z="-3698" delay="0" run="true" /> <!-- custom -->
		<point X="28491" Y="245926" Z="-3698" delay="0" run="true" /> <!-- custom -->
		<point X="29074" Y="245889" Z="-3672" delay="0" run="true" />
		<point X="29182" Y="244811" Z="-3688" delay="0" run="true" />
		<point X="28925" Y="244462" Z="-3698" delay="0" run="true" /> <!-- custom -->
		<!-- <point X="28770" Y="244248" Z="-2496" delay="0" run="true" /> --> <!-- retail -->
	</route>
	<route name="malign_conveyor_1_2" repeat="true" repeatStyle="conveyor">
		<target id="22398" spawnX="26142" spawnY="246442" spawnZ="-3216" /> <!-- Lesser Evil -->
		<point X="26144" Y="246444" Z="-3208" delay="0" run="true" />
		<point X="28063" Y="247940" Z="-3248" delay="0" run="true" />
		<point X="28276" Y="247756" Z="-3272" delay="0" run="true" />
		<point X="27344" Y="246649" Z="-3680" delay="0" run="true" />
		<point X="27652" Y="245914" Z="-3688" delay="0" run="true" />
		<!-- <point X="28255" Y="245912" Z="-2552" delay="0" run="true" /> --> <!-- retail -->
		<point X="28058" Y="245915" Z="-3701" delay="0" run="true" /> <!-- custom -->
	</route>
	<route name="malign_conveyor_1_3" repeat="true" repeatStyle="conveyor">
		<target id="22398" spawnX="27335" spawnY="246217" spawnZ="-3668" /> <!-- Lesser Evil -->
		<point X="27336" Y="246216" Z="-3656" delay="0" run="true" />
		<point X="27645" Y="245921" Z="-3672" delay="0" run="true" />
		<!-- <point X="28245" Y="245904" Z="-2552" delay="0" run="true" /> --> <!-- retail -->
		<point X="28058" Y="245915" Z="-3701" delay="0" run="true" /> <!-- custom -->
	</route>
	<route name="malign_conveyor_1_4" repeat="true" repeatStyle="conveyor">
		<target id="22398" spawnX="28486" spawnY="245913" spawnZ="-3698" /> <!-- Lesser Evil -->
		<point X="28476" Y="245914" Z="-3696" delay="0" run="true" />
		<point X="29058" Y="245894" Z="-3672" delay="0" run="true" />
		<point X="29433" Y="245216" Z="-3688" delay="0" run="true" />
		<point X="28942" Y="244492" Z="-3696" delay="0" run="true" />
	</route>
	<route name="malign_conveyor_2_1" repeat="true" repeatStyle="conveyor">
		<target id="22399" spawnX="28684" spawnY="244118" spawnZ="-3700" /> <!-- Greater Evil -->
		<point X="28771" Y="244251" Z="-2496" delay="0" run="true" />
		<point X="28495" Y="243839" Z="-3696" delay="0" run="true" />
		<point X="28727" Y="242939" Z="-3592" delay="0" run="true" />
		<point X="28188" Y="242512" Z="-3464" delay="0" run="true" />
		<point X="27248" Y="242797" Z="-3168" delay="0" run="true" />
		<point X="26850" Y="243834" Z="-2896" delay="0" run="true" />
		<point X="24636" Y="246593" Z="-1968" delay="0" run="true" />
		<point X="24519" Y="248586" Z="-1936" delay="0" run="true" />
		<point X="23094" Y="250031" Z="-1976" delay="0" run="true" />
		<point X="22673" Y="251605" Z="-1992" delay="0" run="true" />
		<point X="24560" Y="254414" Z="-1984" delay="0" run="true" />
		<point X="25392" Y="255459" Z="-1992" delay="0" run="true" />
	</route>
	<!-- Sanctum of the Lords of Dawn -->
	<route name="iz111_zone01_01" repeat="true" repeatStyle="back">
		<target id="18835" spawnX="-75650" spawnY="212107" spawnZ="-7322" />
		<point X="-75373" Y="212107" Z="-7312" delay="0" run="false" />
		<point X="-75650" Y="212107" Z="-7312" delay="0" run="false" />
	</route>
	<route name="iz111_zone01_02" repeat="true" repeatStyle="back">
		<target id="18835" spawnX="-74854" spawnY="212107" spawnZ="-7322" />
		<point X="-75046" Y="212107" Z="-7312" delay="0" run="false" />
		<point X="-74854" Y="212107" Z="-7312" delay="0" run="false" />
	</route>
	<route name="iz111_zone01_03" repeat="true" repeatStyle="back">
		<target id="18835" spawnX="-74534" spawnY="212108" spawnZ="-7321" />
		<point X="-74255" Y="212108" Z="-7312" delay="0" run="false" />
		<point X="-74532" Y="212108" Z="-7312" delay="0" run="false" />
	</route>
	<route name="iz111_zone01_04" repeat="true" repeatStyle="back">
		<target id="18835" spawnX="-75200" spawnY="211178" spawnZ="-7322" />
		<point X="-75200" Y="211465" Z="-7312" delay="0" run="false" />
		<point X="-75200" Y="211178" Z="-7312" delay="0" run="false" />
	</route>
	<route name="iz111_zone01_05" repeat="true" repeatStyle="back">
		<target id="18835" spawnX="-74701" spawnY="211460" spawnZ="-7321" />
		<point X="-74701" Y="211172" Z="-7312" delay="0" run="false" />
		<point X="-74701" Y="211460" Z="-7312" delay="0" run="false" />
	</route>
	<route name="iz111_zone02_01" repeat="true" repeatStyle="back">
		<target id="18834" spawnX="-75190" spawnY="210176" spawnZ="-7418" />
		<point X="-74750" Y="210174" Z="-7408" delay="0" run="false" />
		<point X="-75190" Y="210175" Z="-7408" delay="0" run="false" />
	</route>
	<route name="iz111_zone02_02" repeat="true" repeatStyle="back">
		<target id="18834" spawnX="-74743" spawnY="209820" spawnZ="-7418" />
		<point X="-75168" Y="209820" Z="-7408" delay="0" run="false" />
		<point X="-74743" Y="209820" Z="-7408" delay="0" run="false" />
	</route>
	<route name="iz111_zone03_01" repeat="true" repeatStyle="back">
		<target id="18834" spawnX="-75559" spawnY="207860" spawnZ="-7515" />
		<point X="-75559" Y="208813" Z="-7504" delay="0" run="false" />
		<point X="-75559" Y="207860" Z="-7504" delay="0" run="false" />
	</route>
	<route name="iz111_zone03_02" repeat="true" repeatStyle="back">
		<target id="18834" spawnX="-74227" spawnY="208290" spawnZ="-7520" />
		<point X="-74508" Y="208290" Z="-7504" delay="0" run="false" />
		<point X="-74227" Y="208290" Z="-7504" delay="0" run="false" />
	</route>
	<route name="iz111_zone03_03" repeat="true" repeatStyle="back">
		<target id="18834" spawnX="-74522" spawnY="207063" spawnZ="-7520" />
		<point X="-74206" Y="207064" Z="-7504" delay="0" run="false" />
		<point X="-74522" Y="207063" Z="-7504" delay="0" run="false" />
	</route>
	<route name="iz111_zone03_04" repeat="true" repeatStyle="back">
		<target id="18834" spawnX="-74956" spawnY="206348" spawnZ="-7520" />
		<point X="-74956" Y="206686" Z="-7504" delay="0" run="false" />
		<point X="-74956" Y="206348" Z="-7504" delay="0" run="false" />
	</route>
	<route name="iz111_zone03_05" repeat="true" repeatStyle="back">
		<target id="18834" spawnX="-75402" spawnY="206939" spawnZ="-7520" />
		<point X="-75693" Y="206939" Z="-7504" delay="0" run="false" />
		<point X="-75402" Y="206939" Z="-7504" delay="0" run="false" />
	</route>
	<route name="iz111_zone03_06" repeat="true" repeatStyle="back">
		<target id="18834" spawnX="-74246" spawnY="206515" spawnZ="-7520" />
		<point X="-75668" Y="206515" Z="-7504" delay="0" run="false" />
		<point X="-74246" Y="206515" Z="-7504" delay="0" run="false" />
	</route>
	<route name="iz111_zone04_01" repeat="true" repeatStyle="back">
		<target id="18834" spawnX="-76378" spawnY="207852" spawnZ="-7616" />
		<point X="-76628" Y="207852" Z="-7600" delay="0" run="false" />
		<point X="-76378" Y="207852" Z="-7600" delay="0" run="false" />
	</route>
	<route name="iz111_zone04_02" repeat="true" repeatStyle="back">
		<target id="18834" spawnX="-76628" spawnY="208151" spawnZ="-7616" />
		<point X="-76367" Y="208151" Z="-7600" delay="0" run="false" />
		<point X="-76628" Y="208151" Z="-7600" delay="0" run="false" />
	</route>
	<route name="iz111_zone04_03" repeat="true" repeatStyle="back">
		<target id="18834" spawnX="-76374" spawnY="208848" spawnZ="-7616" />
		<point X="-76632" Y="208848" Z="-7600" delay="0" run="false" />
		<point X="-76374" Y="208848" Z="-7600" delay="0" run="false" />
	</route>
	<route name="iz111_zone04_04" repeat="true" repeatStyle="back">
		<target id="18834" spawnX="-76928" spawnY="209189" spawnZ="-7616" />
		<point X="-76928" Y="209446" Z="-7600" delay="0" run="false" />
		<point X="-76928" Y="209189" Z="-7600" delay="0" run="false" />
	</route>
	<route name="iz111_zone04_05" repeat="true" repeatStyle="back">
		<target id="18834" spawnX="-77183" spawnY="209443" spawnZ="-7616" />
		<point X="-77183" Y="209188" Z="-7600" delay="0" run="false" />
		<point X="-77183" Y="209443" Z="-7600" delay="0" run="false" />
	</route>
	<route name="iz111_zone05_01" repeat="true" repeatStyle="back">
		<target id="18835" spawnX="-78054" spawnY="208464" spawnZ="-7712" />
		<point X="-77361" Y="208464" Z="-7696" delay="0" run="false" />
		<point X="-78054" Y="208464" Z="-7696" delay="0" run="false" />
	</route>
	<route name="iz111_zone05_02" repeat="true" repeatStyle="back">
		<target id="18835" spawnX="-78521" spawnY="208035" spawnZ="-7712" />
		<point X="-78065" Y="208036" Z="-7696" delay="0" run="false" />
		<point X="-78521" Y="208035" Z="-7696" delay="0" run="false" />
	</route>
	<route name="iz111_zone05_03" repeat="true" repeatStyle="back">
		<target id="18835" spawnX="-76881" spawnY="208037" spawnZ="-7712" />
		<point X="-77340" Y="208036" Z="-7696" delay="0" run="false" />
		<point X="-76881" Y="208037" Z="-7696" delay="0" run="false" />
	</route>
	<route name="iz111_zone05_04" repeat="true" repeatStyle="back">
		<target id="18835" spawnX="-78335" spawnY="207793" spawnZ="-7712" />
		<point X="-77060" Y="207793" Z="-7696" delay="0" run="false" />
		<point X="-78335" Y="207793" Z="-7696" delay="0" run="false" />
	</route>
	<route name="iz111_zone05_05" repeat="true" repeatStyle="back">
		<target id="18835" spawnX="-77702" spawnY="207414" spawnZ="-7712" />
		<point X="-77702" Y="208184" Z="-7696" delay="0" run="false" />
		<point X="-77702" Y="207414" Z="-7696" delay="0" run="false" />
	</route>
	<route name="iz111_zone05_06" repeat="true" repeatStyle="back">
		<target id="18835" spawnX="-77337" spawnY="207428" spawnZ="-7712" />
		<point X="-77013" Y="207105" Z="-7696" delay="0" run="false" />
		<point X="-77336" Y="207428" Z="-7696" delay="0" run="false" />
	</route>
	<route name="iz111_zone06_01" repeat="true" repeatStyle="back">
		<target id="18834" spawnX="-78921" spawnY="206110" spawnZ="-7904" />
		<point X="-78710" Y="206306" Z="-7872" delay="0" run="false" />
		<point X="-78930" Y="206101" Z="-7888" delay="0" run="false" />
	</route>
	<route name="iz111_zone06_02" repeat="true" repeatStyle="back">
		<target id="18834" spawnX="-78855" spawnY="206443" spawnZ="-7896" />
		<point X="-79066" Y="206237" Z="-7888" delay="0" run="false" />
		<point X="-78855" Y="206443" Z="-7888" delay="0" run="false" />
	</route>
	<route name="iz111_zone06_03" repeat="true" repeatStyle="back">
		<target id="18834" spawnX="-79357" spawnY="206713" spawnZ="-7904" />
		<point X="-79357" Y="206330" Z="-7888" delay="0" run="false" />
		<point X="-79357" Y="206713" Z="-7888" delay="0" run="false" />
	</route>
	<route name="iz111_zone06_04" repeat="true" repeatStyle="back">
		<target id="18834" spawnX="-79665" spawnY="206257" spawnZ="-7896" />
		<point X="-79858" Y="206454" Z="-7872" delay="0" run="false" />
		<point X="-79656" Y="206246" Z="-7888" delay="0" run="false" />
	</route>
	<route name="iz111_zone06_05" repeat="true" repeatStyle="back">
		<target id="18834" spawnX="-79999" spawnY="206302" spawnZ="-7904" />
		<point X="-79787" Y="206104" Z="-7888" delay="0" run="false" />
		<point X="-79999" Y="206302" Z="-7888" delay="0" run="false" />
	</route>
	<route name="iz111_zone06_06" repeat="true" repeatStyle="back">
		<target id="18834" spawnX="-79781" spawnY="205602" spawnZ="-7904" />
		<point X="-79991" Y="205392" Z="-7888" delay="0" run="false" />
		<point X="-79781" Y="205602" Z="-7888" delay="0" run="false" />
	</route>
	<route name="iz111_zone06_07" repeat="true" repeatStyle="back">
		<target id="18834" spawnX="-79849" spawnY="205260" spawnZ="-7904" />
		<point X="-79641" Y="205466" Z="-7888" delay="0" run="false" />
		<point X="-79849" Y="205260" Z="-7888" delay="0" run="false" />
	</route>
	<route name="iz111_zone06_08" repeat="true" repeatStyle="back">
		<target id="18834" spawnX="-79363" spawnY="205379" spawnZ="-7904" />
		<point X="-79364" Y="204964" Z="-7888" delay="0" run="false" />
		<point X="-79363" Y="205379" Z="-7888" delay="0" run="false" />
	</route>
	<route name="iz111_zone06_09" repeat="true" repeatStyle="back">
		<target id="18834" spawnX="-78870" spawnY="205253" spawnZ="-7904" />
		<point X="-79085" Y="205454" Z="-7888" delay="0" run="false" />
		<point X="-78870" Y="205253" Z="-7888" delay="0" run="false" />
	</route>
	<route name="iz111_zone06_10" repeat="true" repeatStyle="back">
		<target id="18834" spawnX="-78928" spawnY="205585" spawnZ="-7904" />
		<point X="-78731" Y="205386" Z="-7872" delay="0" run="false" />
		<point X="-78942" Y="205599" Z="-7888" delay="0" run="false" />
	</route>
	<route name="iz111_zone07_01" repeat="true" repeatStyle="back">
		<target id="27351" spawnX="-81938" spawnY="205856" spawnZ="-8000" />
		<point X="-81125" Y="205855" Z="-7984" delay="0" run="false" />
		<point X="-81938" Y="205856" Z="-7984" delay="0" run="false" />
	</route>
	<!-- Gludio Airship -->
	<route name="gludio_airport1" repeat="true" repeatStyle="back">
		<target id="32628" spawnX="-148777" spawnY="254544" spawnZ="-186" />
		<point X="-149268" Y="254124" Z="-184" delay="0" run="false" />
		<point X="-148700" Y="254399" Z="-184" delay="0" run="false" />
		<point X="-148313" Y="254841" Z="-184" delay="0" run="false" />
		<point X="-148256" Y="255338" Z="-184" delay="0" run="false" />
	</route>
	<route name="gludio_airport2" repeat="true" repeatStyle="back">
		<target id="32628" spawnX="-148804" spawnY="254521" spawnZ="-187" />
		<point X="-149239" Y="254100" Z="-184" delay="0" run="false" />
		<point X="-148671" Y="254375" Z="-184" delay="0" run="false" />
		<point X="-148284" Y="254817" Z="-184" delay="0" run="false" />
		<point X="-148227" Y="255314" Z="-184" delay="0" run="false" />
	</route>
	<route name="gludio_airport3" repeat="true" repeatStyle="back">
		<target id="32629" spawnX="-149929" spawnY="254543" spawnZ="-187" />
		<point X="-149469" Y="254124" Z="-184" delay="0" run="false" />
		<point X="-150054" Y="254373" Z="-184" delay="0" run="false" />
		<point X="-150431" Y="254837" Z="-184" delay="0" run="false" />
		<point X="-150473" Y="255335" Z="-184" delay="0" run="false" />
	</route>
	<route name="gludio_airport4" repeat="true" repeatStyle="back">
		<target id="32629" spawnX="-149909" spawnY="254506" spawnZ="-187" />
		<point X="-149499" Y="254101" Z="-184" delay="0" run="false" />
		<point X="-150085" Y="254350" Z="-184" delay="0" run="false" />
		<point X="-150462" Y="254813" Z="-184" delay="0" run="false" />
		<point X="-150504" Y="255312" Z="-184" delay="0" run="false" />
	</route>
	<!-- Leandro -->
	<route name="scribe_leandro" repeat="true" repeatStyle="back">
		<target id="31357" spawnX="-82428" spawnY="245203" spawnZ="-3712" />
		<point X="-82428" Y="245204" Z="-3712" delay="0" run="false" />
		<point X="-82198" Y="245361" Z="-3712" delay="0" run="false" />
		<point X="-82091" Y="245028" Z="-3720" delay="0" run="false" />
		<point X="-82381" Y="244911" Z="-3720" delay="0" run="false" />
		<point X="-82935" Y="244481" Z="-3728" delay="0" run="false" />
		<point string="Where has he gone?" X="-83980" Y="242776" Z="-3728" delay="10" run="false" />
		<point X="-85966" Y="241371" Z="-3728" delay="0" run="false" />
		<point string="Have you seen Windawood?" X="-86079" Y="240868" Z="-3720" delay="5" run="false" />
		<point X="-86076" Y="240392" Z="-3712" delay="0" run="false" />
		<point X="-86519" Y="240706" Z="-3704" delay="0" run="false" />
		<point string="Where did he go?" X="-86343" Y="241130" Z="-3728" delay="60" run="false" />
	</route>
	<!-- Remy -->
	<route name="porter_remy" repeat="true" repeatStyle="cycle">
		<target id="31356" spawnX="-81920" spawnY="243892" spawnZ="-3714" />
		<point X="-81926" Y="243894" Z="-3712" delay="3" run="true" />
		<point X="-82134" Y="243600" Z="-3728" delay="0" run="true" />
		<point X="-83182" Y="243723" Z="-3728" delay="0" run="true" />
		<point string="I need a break!" X="-84486" Y="243236" Z="-3728" delay="5" run="true" />
		<point X="-85205" Y="243187" Z="-3728" delay="0" run="true" />
		<point X="-86152" Y="242898" Z="-3728" delay="0" run="true" />
		<point X="-86288" Y="242962" Z="-3720" delay="0" run="true" />
		<point string="Hello, Mr. Lector! Long time no see, Mr. Jackson!" X="-86352" Y="243207" Z="-3720" delay="5" run="true" />
		<point X="-86501" Y="242762" Z="-3720" delay="0" run="true" />
		<point X="-86500" Y="242615" Z="-3728" delay="0" run="true" />
		<point X="-86123" Y="241606" Z="-3728" delay="0" run="true" />
		<point X="-85207" Y="240698" Z="-3728" delay="0" run="true" />
		<point string="Lulu!" X="-84066" Y="241285" Z="-3728" delay="5" run="true" />
		<point X="-83215" Y="241170" Z="-3728" delay="0" run="true" />
		<point X="-82364" Y="242944" Z="-3720" delay="0" run="true" />
		<point X="-82392" Y="242982" Z="-3729" delay="0" run="true" /> <!-- extra point -->
		<point string="A delivery for Mr. Lector? Very good!" X="-81674" Y="243391" Z="-3712" delay="60" run="true" />
		<point X="-81926" Y="243894" Z="-3712" delay="0" run="true" />
	</route>
	<!-- Yakand -->
	<route name="flame_keeper_yakand" repeat="true" repeatStyle="cycle">
		<target id="31365" spawnX="-48820" spawnY="-113748" spawnZ="-233" />
		<point X="-48820" Y="-113748" Z="-232" delay="0" run="false" />
		<point X="-47365" Y="-113618" Z="-224" delay="0" run="false" />
		<point X="-45678" Y="-113635" Z="-240" delay="0" run="false" />
		<point X="-45168" Y="-114038" Z="-224" delay="0" run="false" />
		<point X="-44671" Y="-114185" Z="-240" delay="0" run="false" />
		<point X="-44199" Y="-113763" Z="-240" delay="0" run="false" />
		<point X="-44312" Y="-113201" Z="-240" delay="0" run="false" />
		<point X="-44844" Y="-112958" Z="-240" delay="0" run="false" />
		<point X="-45717" Y="-113564" Z="-240" delay="0" run="false" />
		<point X="-47370" Y="-113588" Z="-224" delay="0" run="false" />
		<point X="-48821" Y="-113496" Z="-232" delay="10" run="false" />
		<point X="-48820" Y="-113748" Z="-232" delay="0" run="false" />
	</route>
	<!-- Rokar -->
	<route name="flame_keeper_lokar" repeat="true" repeatStyle="back">
		<target id="31364" spawnX="-46512" spawnY="-117696" spawnZ="-252" />
		<point X="-46516" Y="-117700" Z="-240" delay="0" run="false" />
		<point X="-45550" Y="-115420" Z="-240" delay="0" run="false" />
		<point X="-44052" Y="-114575" Z="-240" delay="0" run="false" />
		<point X="-44024" Y="-112688" Z="-240" delay="0" run="false" />
		<point X="-45748" Y="-111665" Z="-240" delay="0" run="false" />
		<point X="-46512" Y="-109390" Z="-208" delay="5" run="false" />
	</route>
	<!-- Kreed -->
	<route name="tetrarch_exec_creed" repeat="true" repeatStyle="cycle">
		<target id="31361" spawnX="23436" spawnY="11152" spawnZ="-3728" />
		<point X="23436" Y="11164" Z="-3720" delay="0" run="true" />
		<point X="20256" Y="11104" Z="-3720" delay="0" run="true" />
		<point X="17330" Y="13579" Z="-3728" delay="0" run="true" />
		<point string="The mass of darkness will start in a couple of days. Pay more attention to the guard!" X="17415" Y="13044" Z="-3736" delay="10" run="true" />
		<point X="20153" Y="12880" Z="-3712" delay="0" run="true" />
		<point X="21621" Y="13349" Z="-3624" delay="0" run="true" />
		<point X="20686" Y="10432" Z="-3712" delay="0" run="true" />
		<point X="22426" Y="10260" Z="-3648" delay="0" run="true" />
		<point X="23436" Y="11164" Z="-3720" delay="0" run="true" />
	</route>
	<!-- Alhena -->
	<route name="tetrarch_agent_alhena" repeat="true" repeatStyle="cycle">
		<target id="31360" spawnX="10976" spawnY="14616" spawnZ="-4246" />
		<point X="10968" Y="14620" Z="-4240" delay="0" run="false" />
		<point X="11308" Y="15847" Z="-4584" delay="0" run="false" />
		<point X="12119" Y="16441" Z="-4584" delay="0" run="false" />
		<point string="You're a hard worker, Rayla!" X="15104" Y="15661" Z="-4376" delay="5" run="false" />
		<point X="15265" Y="16288" Z="-4376" delay="0" run="false" />
		<point X="12292" Y="16934" Z="-4584" delay="0" run="false" />
		<point X="11777" Y="17669" Z="-4584" delay="0" run="false" />
		<point X="11229" Y="17650" Z="-4568" delay="0" run="false" />
		<point X="10641" Y="17282" Z="-4584" delay="0" run="false" />
		<point string="You're a hard worker!" X="7683" Y="18034" Z="-4376" delay="5" run="false" />
		<point X="10551" Y="16775" Z="-4584" delay="0" run="false" />
		<point X="10873" Y="16221" Z="-4575" delay="0" run="false" /> <!-- extra point -->
		<point X="11004" Y="15942" Z="-4584" delay="0" run="false" />
		<point X="10827" Y="14757" Z="-4240" delay="0" run="false" />
		<point X="10968" Y="14620" Z="-4240" delay="0" run="false" />
	</route>
	<!-- Kasiel -->
	<route name="bard_casiel" repeat="true" repeatStyle="back">
		<target id="31358" spawnX="43936" spawnY="51092" spawnZ="-2994" />
		<point X="43932" Y="51096" Z="-2992" delay="0" run="false" />
		<point X="43304" Y="50364" Z="-2992" delay="0" run="false" />
		<point X="43041" Y="49312" Z="-2992" delay="0" run="false" />
		<point X="43612" Y="48322" Z="-2992" delay="0" run="false" />
		<point X="44009" Y="47645" Z="-2992" delay="0" run="false" />
		<point string="The Mother Tree is always so gorgeous!" X="45309" Y="47341" Z="-2992" delay="5" run="false" />
		<point X="46726" Y="47762" Z="-2992" delay="0" run="false" />
		<point X="47509" Y="49004" Z="-2992" delay="0" run="false" />
		<point X="47443" Y="50456" Z="-2992" delay="0" run="false" />
		<point string="Lady Mirabel, may the peace of the lake be with you!" X="47013" Y="51287" Z="-2992" delay="60" run="false" />
	</route>
	<!-- Jaradine -->
	<route name="treekeeper_jaradine" repeat="true" repeatStyle="back">
		<target id="31359" spawnX="44947" spawnY="50556" spawnZ="-3056" />
		<point X="44964" Y="50568" Z="-3056" delay="0" run="false" />
		<point X="44435" Y="50025" Z="-3056" delay="0" run="false" />
		<point X="44327" Y="49541" Z="-3056" delay="0" run="false" /> <!-- extra point -->
		<point X="44455" Y="49078" Z="-3056" delay="0" run="false" />
		<point X="44674" Y="49036" Z="-3056" delay="0" run="false" /> <!-- extra point -->
		<point X="44637" Y="48822" Z="-3056" delay="0" run="false" /> <!-- extra point -->
		<point X="44998" Y="48523" Z="-3056" delay="0" run="false" /> <!-- extra point -->
		<point string="The Mother Tree is slowly dying." X="45402" Y="48437" Z="-3056" delay="5" run="false" />
		<point string="How can we save the Mother Tree?" X="46104" Y="48788" Z="-3056" delay="5" run="false" />
		<point X="46045" Y="49064" Z="-3056" delay="0" run="false" /> <!-- extra point -->
		<point X="46294" Y="49080" Z="-3056" delay="0" run="false" /> <!-- extra point -->
		<point X="46452" Y="49743" Z="-3056" delay="0" run="false" />
		<point X="45730" Y="50590" Z="-3056" delay="60" run="false" />
	</route>
	<!-- Adolph, Edwin -->
	<route name="running_boy" repeat="true" repeatStyle="back">
		<target id="32070" spawnX="84460" spawnY="-144052" spawnZ="-1530" /> <!-- Adolph -->
		<target id="32072" spawnX="84460" spawnY="-144052" spawnZ="-1530" /> <!-- Edwin -->
		<point X="84416" Y="-144052" Z="-1528" delay="5" run="true" />
		<point X="84460" Y="-142495" Z="-1536" delay="0" run="true" />
		<point X="85242" Y="-140949" Z="-1536" delay="0" run="true" />
		<point X="87362" Y="-140059" Z="-1536" delay="5" run="true" />
		<point X="89350" Y="-140750" Z="-1536" delay="0" run="true" />
		<point X="90607" Y="-143176" Z="-1536" delay="0" run="true" />
		<point X="90267" Y="-143883" Z="-1536" delay="5" run="true" />
	</route>
	<!-- Rogin -->
	<route name="messenger_rogin" repeat="true" repeatStyle="cycle">
		<target id="31363" spawnX="115756" spawnY="-183472" spawnZ="-1477" />
		<point X="115744" Y="-183424" Z="-1472" delay="60" run="true" />
		<point X="115878" Y="-183267" Z="-1472" delay="0" run="true" />
		<point X="116116" Y="-183090" Z="-1496" delay="0" run="true" />
		<point string="Have you seen Torocco today?" X="116587" Y="-184306" Z="-1568" delay="10" run="true" />
		<point X="116392" Y="-184090" Z="-1560" delay="0" run="true" />
		<point X="117083" Y="-182538" Z="-1520" delay="0" run="true" />
		<point string="Have you seen Torocco?" X="117802" Y="-182541" Z="-1528" delay="10" run="true" />
		<point string="Where is that fool hiding?" X="116720" Y="-182479" Z="-1512" delay="10" run="true" />
		<point X="115857" Y="-183287" Z="-1472" delay="0" run="true" />
		<point X="115744" Y="-183424" Z="-1472" delay="0" run="true" />
	</route>
	<!-- Tate -->
	<route name="porter_tate" repeat="true" repeatStyle="cycle">
		<target id="31362" spawnX="115820" spawnY="-181568" spawnZ="-1338" />
		<point X="115824" Y="-181564" Z="-1336" delay="20" run="false" />
		<point string="Care to go a round?" X="116048" Y="-181575" Z="-1352" delay="0" run="false" />
		<point X="116521" Y="-181476" Z="-1384" delay="0" run="false" />
		<point X="116632" Y="-180022" Z="-1160" delay="0" run="false" />
		<point X="115355" Y="-178617" Z="-928" delay="0" run="false" />
		<point X="115763" Y="-177585" Z="-888" delay="0" run="false" />
		<point string="Have a nice day, Mr. Garita and Mion!" X="115795" Y="-177361" Z="-880" delay="0" run="false" />
		<point X="115877" Y="-177338" Z="-880" delay="15" run="false" />
		<point X="115783" Y="-177493" Z="-880" delay="0" run="false" />
		<point X="115112" Y="-179836" Z="-880" delay="0" run="false" />
		<point X="115102" Y="-180026" Z="-872" delay="0" run="false" />
		<point string="Mr. Lid, Murdoc, and Airy! How are you doing?" X="114876" Y="-180045" Z="-872" delay="30" run="false" />
		<point X="114840" Y="-179694" Z="-872" delay="0" run="false" />
		<point X="116322" Y="-179602" Z="-1088" delay="0" run="false" />
		<point X="116792" Y="-180386" Z="-1200" delay="0" run="false" />
		<point X="116319" Y="-181573" Z="-1384" delay="0" run="false" />
		<point X="115824" Y="-181564" Z="-1336" delay="0" run="false" />
	</route>
	<!-- Gordon -->
	<route name="gordon" repeat="true" repeatStyle="cycle">
		<target id="29095" spawnX="147408" spawnY="-43552" spawnZ="-2328" />
		<point X="147408" Y="-43552" Z="-2296" delay="0" run="false" />
		<point X="147927" Y="-43264" Z="-2296" delay="0" run="false" />
		<point X="148668" Y="-43435" Z="-2312" delay="0" run="false" />
		<point X="149308" Y="-43910" Z="-2464" delay="0" run="false" />
		<point X="150447" Y="-44190" Z="-2608" delay="0" run="false" />
		<point X="151346" Y="-44070" Z="-2736" delay="4" run="false" />
		<point X="152074" Y="-43362" Z="-2816" delay="0" run="false" />
		<point X="152721" Y="-42632" Z="-2824" delay="0" run="false" />
		<point X="153326" Y="-41826" Z="-2936" delay="0" run="false" />
		<point X="153733" Y="-41173" Z="-3000" delay="0" run="false" />
		<point X="154295" Y="-40347" Z="-3112" delay="4" run="false" />
		<point X="154700" Y="-39687" Z="-3200" delay="0" run="false" />
		<point X="155474" Y="-39961" Z="-3272" delay="0" run="false" />
		<point X="155882" Y="-40436" Z="-3296" delay="0" run="false" />
		<point X="156629" Y="-41452" Z="-3472" delay="0" run="false" />
		<point X="156846" Y="-42484" Z="-3600" delay="4" run="false" />
		<point X="156786" Y="-44059" Z="-3760" delay="0" run="false" />
		<point X="157820" Y="-45121" Z="-3544" delay="0" run="false" />
		<point X="158808" Y="-45454" Z="-3464" delay="0" run="false" />
		<point X="159675" Y="-46178" Z="-3544" delay="0" run="false" />
		<point X="160320" Y="-46947" Z="-3648" delay="4" run="false" />
		<point X="159841" Y="-47765" Z="-3656" delay="0" run="false" />
		<point X="158963" Y="-48596" Z="-3648" delay="0" run="false" />
		<point X="159399" Y="-49889" Z="-3632" delay="0" run="false" />
		<point X="159433" Y="-51854" Z="-3392" delay="0" run="false" />
		<point X="159280" Y="-53297" Z="-3240" delay="4" run="false" />
		<point X="159946" Y="-54651" Z="-3080" delay="0" run="false" />
		<point X="160696" Y="-55985" Z="-2856" delay="0" run="false" />
		<point X="160991" Y="-57416" Z="-2704" delay="0" run="false" />
		<point X="160936" Y="-58715" Z="-2616" delay="0" run="false" />
		<point X="160371" Y="-59892" Z="-2640" delay="4" run="false" />
		<point X="158884" Y="-60114" Z="-2672" delay="0" run="false" />
		<point X="157476" Y="-59727" Z="-2648" delay="0" run="false" />
		<point X="155709" Y="-59670" Z="-2616" delay="0" run="false" />
		<point X="155076" Y="-59988" Z="-2640" delay="0" run="false" />
		<point X="154278" Y="-60389" Z="-2688" delay="4" run="false" />
		<point X="153611" Y="-61611" Z="-2816" delay="0" run="false" />
		<point X="153553" Y="-62292" Z="-2832" delay="0" run="false" />
		<point X="153104" Y="-63694" Z="-2968" delay="0" run="false" />
		<point X="151460" Y="-64204" Z="-3144" delay="0" run="false" />
		<point X="149179" Y="-64630" Z="-3280" delay="4" run="false" />
		<point X="147461" Y="-64792" Z="-3432" delay="0" run="false" />
		<point X="145659" Y="-64514" Z="-3360" delay="0" run="false" />
		<point X="144096" Y="-64402" Z="-3392" delay="0" run="false" />
		<point X="141323" Y="-62083" Z="-3144" delay="0" run="false" />
		<point X="140157" Y="-61442" Z="-3064" delay="4" run="false" />
		<point X="138438" Y="-61664" Z="-3040" delay="0" run="false" />
		<point X="138168" Y="-61294" Z="-3000" delay="0" run="false" />
		<point X="138402" Y="-60920" Z="-3056" delay="0" run="false" />
		<point X="138656" Y="-59869" Z="-3280" delay="0" run="false" />
		<point X="138910" Y="-58621" Z="-3440" delay="4" run="false" />
		<point X="138096" Y="-57667" Z="-3504" delay="0" run="false" />
		<point X="138096" Y="-56967" Z="-3504" delay="0" run="false" />
		<point X="138878" Y="-56655" Z="-3456" delay="0" run="false" />
		<point X="139660" Y="-56120" Z="-3288" delay="0" run="false" />
		<point X="139101" Y="-54466" Z="-3216" delay="4" run="false" />
		<point X="139848" Y="-52589" Z="-2832" delay="0" run="false" />
		<point X="139222" Y="-51369" Z="-2688" delay="0" run="false" />
		<point X="139705" Y="-50039" Z="-2496" delay="0" run="false" />
		<point X="139959" Y="-48987" Z="-2256" delay="0" run="false" />
		<point X="140283" Y="-47506" Z="-2208" delay="4" run="false" />
		<point X="140162" Y="-46243" Z="-2336" delay="0" run="false" />
		<point X="142508" Y="-45584" Z="-2416" delay="0" run="false" />
		<point X="143183" Y="-44563" Z="-2392" delay="0" run="false" />
		<point X="144382" Y="-43528" Z="-2344" delay="0" run="false" />
		<point X="145382" Y="-43318" Z="-2296" delay="4" run="false" />
		<point X="147265" Y="-43588" Z="-2296" delay="0" run="false" />
	</route>
	<!-- Suspicious Merchant - Shanty Fortress -->
	<route name="gludio_fort_a_ordery" repeat="true" repeatStyle="cycle">
		<target id="35659" spawnX="-58672" spawnY="154703" spawnZ="-2688" />
		<point X="-58672" Y="154703" Z="-2688" delay="30" run="false" />
		<point X="-57522" Y="156523" Z="-2576" delay="15" run="false" />
		<point X="-55226" Y="157117" Z="-2064" delay="0" run="false" />
		<point X="-57528" Y="156515" Z="-2576" delay="0" run="false" />
		<point X="-58660" Y="154706" Z="-2688" delay="0" run="false" />
		<point X="-60174" Y="156182" Z="-2832" delay="0" run="false" />
		<point X="-61834" Y="157703" Z="-3264" delay="0" run="false" />
		<point X="-62761" Y="159101" Z="-3584" delay="0" run="false" />
		<point X="-63472" Y="159672" Z="-3680" delay="0" run="false" />
		<point X="-64072" Y="160631" Z="-3760" delay="0" run="false" />
		<point X="-64387" Y="161877" Z="-3792" delay="0" run="false" />
		<point X="-63842" Y="163092" Z="-3840" delay="15" run="false" />
		<point X="-64397" Y="161831" Z="-3792" delay="0" run="false" />
		<point X="-64055" Y="160587" Z="-3760" delay="0" run="false" />
		<point X="-63461" Y="159656" Z="-3680" delay="0" run="false" />
		<point X="-62744" Y="159095" Z="-3584" delay="0" run="false" />
		<point X="-61831" Y="157693" Z="-3256" delay="0" run="false" />
		<point X="-60152" Y="156167" Z="-2824" delay="0" run="false" />
		<point X="-58652" Y="154707" Z="-2688" delay="0" run="false" />
		<point X="-58672" Y="154703" Z="-2688" delay="0" run="false" />
	</route>
	<!-- Suspicious Merchant - Southern Fortress -->
	<route name="gludio_fort_b_ordery" repeat="true" repeatStyle="cycle">
		<target id="35690" spawnX="-28169" spawnY="216864" spawnZ="-3544" />
		<point X="-28169" Y="216864" Z="-3544" delay="30" run="false" />
		<point X="-29028" Y="215089" Z="-3672" delay="0" run="false" />
		<point X="-30888" Y="213455" Z="-3656" delay="0" run="false" />
		<point X="-31937" Y="211656" Z="-3656" delay="0" run="false" />
		<point X="-30880" Y="211006" Z="-3552" delay="0" run="false" />
		<point X="-27690" Y="210004" Z="-3272" delay="0" run="false" />
		<point X="-25784" Y="210108" Z="-3272" delay="0" run="false" />
		<point X="-21682" Y="211459" Z="-3272" delay="0" run="false" />
		<point X="-18430" Y="212927" Z="-3704" delay="0" run="false" />
		<point X="-16247" Y="212795" Z="-3664" delay="0" run="false" />
		<point X="-16868" Y="214267" Z="-3648" delay="0" run="false" />
		<point X="-17263" Y="215887" Z="-3552" delay="0" run="false" />
		<point X="-18352" Y="216841" Z="-3504" delay="60" run="false" />
		<point X="-17263" Y="215887" Z="-3552" delay="0" run="false" />
		<point X="-16868" Y="214267" Z="-3648" delay="0" run="false" />
		<point X="-16247" Y="212795" Z="-3664" delay="0" run="false" />
		<point X="-18430" Y="212927" Z="-3704" delay="0" run="false" />
		<point X="-21682" Y="211459" Z="-3272" delay="0" run="false" />
		<point X="-25784" Y="210108" Z="-3272" delay="0" run="false" />
		<point X="-27690" Y="210004" Z="-3272" delay="0" run="false" />
		<point X="-30880" Y="211006" Z="-3552" delay="0" run="false" />
		<point X="-31937" Y="211656" Z="-3656" delay="0" run="false" />
		<point X="-30888" Y="213455" Z="-3656" delay="0" run="false" />
		<point X="-29028" Y="215089" Z="-3672" delay="0" run="false" />
		<point X="-28169" Y="216864" Z="-3544" delay="30" run="false" />
	</route>
	<!-- Suspicious Merchant - Hive Fortress -->
	<route name="dion_fort_ordery" repeat="true" repeatStyle="back">
		<target id="35728" spawnX="19408" spawnY="189422" spawnZ="-3136" />
		<point X="19408" Y="189422" Z="-3136" delay="30" run="false" />
		<point X="20039" Y="187700" Z="-3416" delay="0" run="false" />
		<point X="19016" Y="185813" Z="-3552" delay="30" run="false" />
		<point X="17959" Y="181955" Z="-3680" delay="0" run="false" />
		<point X="16440" Y="181635" Z="-3616" delay="30" run="false" />
		<point X="15679" Y="182540" Z="-3608" delay="0" run="false" />
		<point X="15310" Y="182791" Z="-3568" delay="0" run="false" />
		<point X="15242" Y="184507" Z="-3112" delay="30" run="false" />
	</route>
	<!-- Suspicious Merchant - Valley Fortress -->
	<route name="giran_fort_ordery" repeat="true" repeatStyle="back">
		<target id="35759" spawnX="123383" spawnY="121093" spawnZ="-2864" />
		<point X="123383" Y="121093" Z="-2864" delay="30" run="false" />
		<point X="122670" Y="120890" Z="-3088" delay="0" run="false" />
		<point X="124617" Y="119069" Z="-3088" delay="0" run="false" />
		<point X="126177" Y="118273" Z="-3080" delay="0" run="false" />
		<point X="125979" Y="119528" Z="-2728" delay="60" run="false" />
	</route>
	<!-- Suspicious Merchant - Ivory Tower Fortress -->
	<route name="oren_fort_ordery" repeat="true" repeatStyle="back">
		<target id="35797" spawnX="75280" spawnY="1387" spawnZ="-3268" />
		<point X="74725" Y="1671" Z="-3128" delay="30" run="false" />
		<point X="76651" Y="1505" Z="-3552" delay="0" run="false" />
		<point X="79421" Y="4977" Z="-3080" delay="0" run="false" />
		<point X="77357" Y="7197" Z="-3208" delay="30" run="false" />
		<point X="76287" Y="9164" Z="-3568" delay="0" run="false" />
		<point X="72447" Y="8196" Z="-3264" delay="0" run="false" />
		<point X="71780" Y="7467" Z="-3160" delay="0" run="false" />
	</route>
	<!-- Suspicious Merchant - Narsell Fortress -->
	<route name="aden_fort_a_ordery" repeat="true" repeatStyle="back">
		<target id="35828" spawnX="159377" spawnY="52403" spawnZ="-3312" />
		<point X="159377" Y="52403" Z="-3312" delay="30" run="false" />
		<point X="161177" Y="54083" Z="-3560" delay="0" run="false" />
		<point X="162152" Y="54365" Z="-3632" delay="0" run="false" />
		<point X="162703" Y="55840" Z="-3696" delay="0" run="false" />
		<point X="162370" Y="58534" Z="-3504" delay="0" run="false" />
		<point X="160099" Y="60034" Z="-3224" delay="0" run="false" />
		<point X="158048" Y="62696" Z="-3464" delay="0" run="false" />
		<point X="157220" Y="63450" Z="-3520" delay="0" run="false" />
		<point X="155076" Y="63731" Z="-3544" delay="0" run="false" />
		<point X="153893" Y="64441" Z="-3656" delay="0" run="false" />
		<point X="153085" Y="62948" Z="-3680" delay="0" run="false" />
		<point X="150866" Y="58737" Z="-3432" delay="60" run="false" />
	</route>
	<!-- Suspicious Merchant - Bayou Fortress -->
	<route name="aden_fort_b_ordery" repeat="true" repeatStyle="back">
		<target id="35859" spawnX="190423" spawnY="43540" spawnZ="-3656" />
		<point X="190423" Y="43540" Z="-3656" delay="30" run="false" />
		<point X="189579" Y="45949" Z="-4240" delay="0" run="false" />
		<point X="187058" Y="43551" Z="-4808" delay="0" run="false" />
		<point X="185916" Y="41869" Z="-4512" delay="30" run="false" />
		<point X="185292" Y="39403" Z="-4200" delay="0" run="false" />
		<point X="185167" Y="38401" Z="-4200" delay="0" run="false" />
		<point X="184984" Y="36863" Z="-4152" delay="0" run="false" />
		<point X="184377" Y="36425" Z="-4080" delay="0" run="false" />
		<point X="185314" Y="35866" Z="-3936" delay="0" run="false" />
		<point X="185781" Y="35955" Z="-3832" delay="0" run="false" />
		<point X="186686" Y="35667" Z="-3752" delay="60" run="false" />
	</route>
	<!-- Suspicious Merchant - White Sands Fortress -->
	<route name="inna_fort_ordery" repeat="true" repeatStyle="back">
		<target id="35897" spawnX="114436" spawnY="202528" spawnZ="-3408" />
		<point X="114436" Y="202528" Z="-3408" delay="30" run="false" />
		<point X="113809" Y="200514" Z="-3720" delay="0" run="false" />
		<point X="116035" Y="199822" Z="-3664" delay="0" run="false" />
		<point X="117017" Y="199876" Z="-3632" delay="0" run="false" />
		<point X="119959" Y="201032" Z="-3608" delay="0" run="false" />
		<point X="121849" Y="200614" Z="-3384" delay="0" run="false" />
		<point X="122868" Y="200874" Z="-3168" delay="0" run="false" />
		<point X="123130" Y="202427" Z="-3128" delay="30" run="false" />
		<point X="122427" Y="204162" Z="-3488" delay="0" run="false" />
		<point X="122661" Y="204842" Z="-3576" delay="0" run="false" />
		<point X="124051" Y="205402" Z="-3576" delay="0" run="false" />
		<point X="124211" Y="206023" Z="-3504" delay="0" run="false" />
		<point X="124948" Y="206778" Z="-3400" delay="0" run="false" />
		<point X="124483" Y="207777" Z="-3200" delay="60" run="false" />
	</route>
	<!-- Suspicious Merchant - Borderland Fortress -->
	<route name="godad_fort_ordery" repeat="true" repeatStyle="back">
		<target id="35928" spawnX="161876" spawnY="-73407" spawnZ="-2984" />
		<point X="161876" Y="-73407" Z="-2984" delay="30" run="false" />
		<point X="161795" Y="-75288" Z="-3088" delay="0" run="false" />
		<point X="159678" Y="-77671" Z="-3584" delay="0" run="false" />
		<point X="158917" Y="-78117" Z="-3760" delay="0" run="false" />
		<point X="158989" Y="-77130" Z="-3720" delay="0" run="false" />
		<point X="158757" Y="-75951" Z="-3720" delay="0" run="false" />
		<point X="158157" Y="-74161" Z="-3592" delay="30" run="false" />
		<point X="157547" Y="-73326" Z="-3400" delay="0" run="false" />
		<point X="153815" Y="-71497" Z="-3392" delay="0" run="false" />
		<point X="153086" Y="-70701" Z="-3488" delay="0" run="false" />
		<point X="152262" Y="-70352" Z="-3568" delay="0" run="false" />
		<point X="155193" Y="-69617" Z="-3008" delay="60" run="false" />
	</route>
	<!-- Suspicious Merchant - Swamp Fortress -->
	<route name="rune_fort_ordery" repeat="true" repeatStyle="back">
		<target id="35966" spawnX="71436" spawnY="-58182" spawnZ="-2904" />
		<point X="71436" Y="-58182" Z="-2904" delay="30" run="false" />
		<point X="71731" Y="-56949" Z="-3080" delay="0" run="false" />
		<point X="72715" Y="-56729" Z="-3104" delay="0" run="false" />
		<point X="73277" Y="-56055" Z="-3104" delay="30" run="false" />
		<point X="73369" Y="-55636" Z="-3104" delay="0" run="false" />
		<point X="74136" Y="-54646" Z="-3104" delay="0" run="false" />
		<point X="73408" Y="-54422" Z="-3104" delay="0" run="false" />
		<point X="72998" Y="-53404" Z="-3136" delay="0" run="false" />
		<point X="71661" Y="-52937" Z="-3104" delay="0" run="false" />
		<point X="71127" Y="-52304" Z="-3104" delay="0" run="false" />
		<point X="70225" Y="-52304" Z="-3064" delay="0" run="false" />
		<point X="69668" Y="-52780" Z="-3064" delay="0" run="false" />
		<point X="68422" Y="-52407" Z="-3240" delay="0" run="false" />
		<point X="67702" Y="-52940" Z="-3208" delay="0" run="false" />
		<point X="67798" Y="-52940" Z="-3232" delay="0" run="false" />
		<point X="66667" Y="-55841" Z="-2840" delay="60" run="false" />
	</route>
	<!-- Suspicious Merchant - Archaic Fortress -->
	<route name="schutt_fort_ordery" repeat="true" repeatStyle="back">
		<target id="36004" spawnX="105447" spawnY="-139845" spawnZ="-3120" />
		<point X="105447" Y="-139845" Z="-3120" delay="30" run="false" />
		<point X="104918" Y="-140382" Z="-3256" delay="0" run="false" />
		<point X="105507" Y="-142515" Z="-3648" delay="0" run="false" />
		<point X="106533" Y="-143107" Z="-3656" delay="0" run="false" />
		<point X="106714" Y="-143825" Z="-3656" delay="0" run="false" />
		<point X="107510" Y="-144024" Z="-3656" delay="0" run="false" />
		<point X="108092" Y="-144888" Z="-3656" delay="30" run="false" />
		<point X="109499" Y="-145168" Z="-3664" delay="0" run="false" />
		<point X="110064" Y="-146169" Z="-3456" delay="0" run="false" />
		<point X="110186" Y="-147427" Z="-3096" delay="0" run="false" />
		<point X="112389" Y="-147779" Z="-3256" delay="60" run="false" />
	</route>
	<!-- Suspicious Merchant - Floran Fortress -->
	<route name="glu_di_fort_ordery" repeat="true" repeatStyle="back">
		<target id="36035" spawnX="14186" spawnY="149947" spawnZ="-3352" />
		<point X="14186" Y="149947" Z="-3352" delay="20" run="false" />
		<point X="16180" Y="150387" Z="-3216" delay="0" run="false" />
		<point X="18387" Y="151874" Z="-3317" delay="0" run="false" />
		<point X="18405" Y="154770" Z="-3616" delay="30" run="false" />
		<point X="17655" Y="156863" Z="-3664" delay="0" run="false" />
		<point X="12303" Y="153937" Z="-2680" delay="0" run="false" />
	</route>
	<!-- Suspicious Merchant - Cloud Mountain -->
	<route name="glu_ore_fort_ordery" repeat="true" repeatStyle="back">
		<target id="36073" spawnX="-56032" spawnY="86017" spawnZ="-3259" />
		<point X="-56032" Y="86017" Z="-3259" delay="30" run="false" />
		<point X="-57329" Y="86006" Z="-3640" delay="0" run="false" />
		<point X="-57470" Y="85306" Z="-3664" delay="0" run="false" />
		<point X="-58892" Y="85159" Z="-3768" delay="30" run="false" />
		<point X="-59030" Y="80150" Z="-3632" delay="0" run="false" />
		<point X="-57642" Y="77591" Z="-3512" delay="20" run="false" />
		<point X="-53971" Y="77664" Z="-3224" delay="40" run="false" />
		<point X="-53271" Y="85126" Z="-3552" delay="60" run="false" />
	</route>
	<!-- Suspicious Merchant - Tanor Fortress -->
	<route name="di_gi_fort_ordery" repeat="true" repeatStyle="back">
		<target id="36111" spawnX="58314" spawnY="136319" spawnZ="-2000" />
		<point X="58314" Y="136319" Z="-2000" delay="30" run="false" />
		<point X="57078" Y="137124" Z="-2216" delay="0" run="false" />
		<point X="54644" Y="137366" Z="-2600" delay="0" run="false" />
		<point X="58696" Y="134202" Z="-3096" delay="30" run="false" />
		<point X="60967" Y="134154" Z="-3416" delay="0" run="false" />
		<point X="62813" Y="134744" Z="-3592" delay="0" run="false" />
		<point X="65158" Y="135007" Z="-3728" delay="0" run="false" />
		<point X="64278" Y="139384" Z="-3176" delay="30" run="false" />
		<point X="63711" Y="140599" Z="-2720" delay="0" run="false" />
		<point X="63187" Y="141192" Z="-2440" delay="0" run="false" />
		<point X="62811" Y="142466" Z="-2064" delay="60" run="false" />
	</route>
	<!-- Suspicious Merchant - Dragonspine Fortress -->
	<route name="di_ore_fort_ordery" repeat="true" repeatStyle="back">
		<target id="36142" spawnX="9318" spawnY="92253" spawnZ="-3536" />
		<point X="9318" Y="92253" Z="-3536" delay="30" run="false" />
		<point X="9117" Y="91645" Z="-3656" delay="0" run="false" />
		<point X="9240" Y="90149" Z="-3592" delay="0" run="false" />
		<point X="11509" Y="90093" Z="-3720" delay="20" run="false" />
		<point X="13269" Y="90004" Z="-3840" delay="20" run="false" />
		<point X="14812" Y="89578" Z="-3832" delay="20" run="false" />
		<point X="14450" Y="90636" Z="-3680" delay="0" run="false" />
		<point X="14236" Y="91690" Z="-3656" delay="0" run="false" />
		<point X="13636" Y="92359" Z="-3480" delay="60" run="false" />
	</route>
	<!-- Suspicious Merchant - Antharas Fortress -->
	<route name="ore_gi_fort_ordery" repeat="true" repeatStyle="cycle">
		<target id="36173" spawnX="74810" spawnY="90814" spawnZ="-3344" />
		<point X="74810" Y="90814" Z="-3344" delay="30" run="false" />
		<point X="75094" Y="92951" Z="-3104" delay="0" run="false" />
		<point X="75486" Y="92906" Z="-3072" delay="0" run="false" />
		<point X="75765" Y="91794" Z="-2912" delay="0" run="false" />
		<point X="77116" Y="90455" Z="-2896" delay="0" run="false" />
		<point X="77743" Y="89119" Z="-2896" delay="15" run="false" />
		<point X="77118" Y="90457" Z="-2896" delay="0" run="false" />
		<point X="75750" Y="91811" Z="-2912" delay="0" run="false" />
		<point X="75479" Y="92904" Z="-3072" delay="0" run="false" />
		<point X="75094" Y="92943" Z="-3104" delay="0" run="false" />
		<point X="74809" Y="90794" Z="-3344" delay="0" run="false" />
		<point X="76932" Y="88297" Z="-3296" delay="0" run="false" />
		<point X="77882" Y="87441" Z="-3408" delay="0" run="false" />
		<point X="78257" Y="85859" Z="-3632" delay="0" run="false" />
		<point X="80994" Y="85866" Z="-3472" delay="0" run="false" />
		<point X="82676" Y="87519" Z="-3360" delay="0" run="false" />
		<point X="83778" Y="88414" Z="-3376" delay="0" run="false" />
		<point X="83504" Y="90378" Z="-3120" delay="0" run="false" />
		<point X="84431" Y="90379" Z="-3264" delay="0" run="false" />
		<point X="85453" Y="90117" Z="-3312" delay="0" run="false" />
		<point X="85605" Y="89708" Z="-3296" delay="0" run="false" />
		<point X="84894" Y="88975" Z="-3344" delay="0" run="false" />
		<point X="83735" Y="88382" Z="-3376" delay="0" run="false" />
		<point X="82616" Y="87485" Z="-3360" delay="0" run="false" />
		<point X="80971" Y="85855" Z="-3472" delay="0" run="false" />
		<point X="78247" Y="85853" Z="-3632" delay="0" run="false" />
		<point X="77868" Y="87463" Z="-3408" delay="0" run="false" />
		<point X="76916" Y="88304" Z="-3280" delay="0" run="false" />
		<point X="75494" Y="89865" Z="-3200" delay="0" run="false" />
		<point X="74810" Y="90814" Z="-3344" delay="30" run="false" />
	</route>
	<!-- Suspicious Merchant - Western Fortress -->
	<route name="a_o_g_fort_ordery" repeat="true" repeatStyle="back">
		<target id="36211" spawnX="114221" spawnY="-18762" spawnZ="-1768" />
		<point X="114221" Y="-18762" Z="-1768" delay="30" run="false" />
		<point X="115920" Y="-19177" Z="-2120" delay="0" run="false" />
		<point X="117105" Y="-19759" Z="-2400" delay="0" run="false" />
		<point X="118417" Y="-20135" Z="-2632" delay="30" run="false" />
		<point X="118881" Y="-20011" Z="-2712" delay="0" run="false" />
		<point X="117210" Y="-18329" Z="-1816" delay="60" run="false" />
	</route>
	<!-- Suspicious Merchant - Hunters Fortress -->
	<route name="aden_gi_fort_ordery" repeat="true" repeatStyle="back">
		<target id="36249" spawnX="121072" spawnY="93215" spawnZ="-2736" />
		<point X="121072" Y="93215" Z="-2736" delay="30" run="false" />
		<point X="122718" Y="92355" Z="-2320" delay="0" run="false" />
		<point X="126171" Y="91910" Z="-2216" delay="0" run="false" />
		<point X="126353" Y="90422" Z="-2296" delay="0" run="false" />
		<point X="125796" Y="87720" Z="-2432" delay="0" run="false" />
		<point X="124803" Y="85970" Z="-2464" delay="0" run="false" />
		<point X="125036" Y="83836" Z="-2376" delay="30" run="false" />
		<point X="128886" Y="83331" Z="-1416" delay="0" run="false" />
		<point X="129697" Y="84969" Z="-1256" delay="0" run="false" />
		<point X="126291" Y="86712" Z="-2240" delay="0" run="false" />
		<point X="126599" Y="88950" Z="-2325" delay="0" run="false" />
		<point X="126847" Y="90713" Z="-2264" delay="0" run="false" />
	</route>
	<!-- Suspicious Merchant - Aaru Fortress -->
	<route name="inna_gi_fort_ordery" repeat="true" repeatStyle="back">
		<target id="36287" spawnX="71692" spawnY="188004" spawnZ="-2616" />
		<point X="71692" Y="188004" Z="-2616" delay="30" run="false" />
		<point X="69326" Y="187042" Z="-3008" delay="0" run="false" />
		<point X="68627" Y="185540" Z="-2984" delay="0" run="false" />
		<point X="69077" Y="184566" Z="-2976" delay="30" run="false" />
		<point X="70642" Y="182573" Z="-2992" delay="0" run="false" />
		<point X="73647" Y="181706" Z="-3160" delay="0" run="false" />
		<point X="74283" Y="181756" Z="-3152" delay="0" run="false" />
		<point X="73655" Y="182960" Z="-2736" delay="60" run="false" />
	</route>
	<!-- Suspicious Merchant - Demon Fortress -->
	<route name="ru_go_fort_ordery" repeat="true" repeatStyle="back">
		<target id="36318" spawnX="104686" spawnY="-57581" spawnZ="-944" />
		<point X="104150" Y="-57163" Z="-848" delay="30" run="false" />
		<point X="106218" Y="-59401" Z="-1344" delay="0" run="false" />
		<point X="106898" Y="-59553" Z="-1664" delay="30" run="false" />
		<point X="107352" Y="-60168" Z="-2000" delay="0" run="false" />
		<point X="107651" Y="-61177" Z="-2400" delay="0" run="false" />
		<point X="109094" Y="-62678" Z="-3248" delay="0" run="false" />
		<point X="108266" Y="-62657" Z="-3104" delay="0" run="false" />
		<point X="105169" Y="-61226" Z="-2616" delay="0" run="false" />
		<point X="102968" Y="-59982" Z="-2384" delay="0" run="false" />
		<point X="100070" Y="-60173" Z="-2792" delay="0" run="false" />
		<point X="98764" Y="-61095" Z="-2768" delay="0" run="false" />
		<point X="94946" Y="-60039" Z="-2432" delay="0" run="false" />
		<point X="96103" Y="-59078" Z="-1992" delay="0" run="false" />
		<point X="96884" Y="-59043" Z="-1656" delay="0" run="false" />
		<point X="97064" Y="-57884" Z="-1256" delay="30" run="false" />
	</route>
	<!-- Suspicious Merchant - Monastic Fortress -->
	<route name="ru_sch_fort_ordery" repeat="true" repeatStyle="back">
		<target id="36356" spawnX="69553" spawnY="-91746" spawnZ="-1488" />
		<point X="69553" Y="-91746" Z="-1488" delay="30" run="false" />
		<point X="70941" Y="-89751" Z="-2256" delay="0" run="false" />
		<point X="71104" Y="-89094" Z="-2368" delay="0" run="false" />
		<point X="73471" Y="-91462" Z="-2024" delay="30" run="false" />
		<point X="74532" Y="-92202" Z="-1776" delay="0" run="false" />
		<point X="74908" Y="-93152" Z="-1536" delay="60" run="false" />
	</route>
	<!-- Ghost of von Hellmann's Page -->
	<route name="rune_ghost1b" repeat="false" repeatStyle="back">
		<target id="31525" spawnX="51446" spawnY="-54514" spawnZ="-3136" />
		<point X="51752" Y="-54736" Z="-3160" delay="0" run="false" />
		<point X="51998" Y="-54685" Z="-3160" delay="0" run="false" />
		<point X="52083" Y="-54439" Z="-3152" delay="0" run="false" />
		<point X="52296" Y="-53194" Z="-3152" delay="0" run="false" />
		<point X="51891" Y="-51628" Z="-3096" delay="15" run="false" />
	</route>
</routes>