<?xml version="1.0" encoding="UTF-8"?>
<list xmlns:xsi="http://www.w3.org/2001/XMLSchema-instance" xsi:noNamespaceSchemaLocation="../xsd/buylist.xsd">
	<item id="14056" price="0" /> <!-- Snow Kung Transformation Stick - 30-day limited period -->
	<item id="14057" price="0" /> <!-- Scarecrow Jack Transformation Stick - 30-day limited period -->
	<item id="14058" price="0" /> <!-- Tin Golem Transformation Stick - 30-day limited period -->
	<item id="14069" price="0" /> <!-- Snow Kung Transformation Stick (event) - 30-day limited period -->
	<item id="14070" price="0" /> <!-- Scarecrow Jack Transformation Stick (Event) - 30-day limited period -->
	<item id="14071" price="0" /> <!-- Tin Golem Transformation Stick (event) - 30-day limited period -->
	<item id="14088" price="0" /> <!-- Snow Kung Transformation Stick - 7-day limited period -->
	<item id="14089" price="0" /> <!-- Scarecrow Jack Transformation Stick - 7-day limited period -->
	<item id="14090" price="0" /> <!-- Tin Golem Transformation Stick - 7-day limited period -->
	<item id="14096" price="0" /> <!-- Snow Kung Transformation Stick (event) - 7-day limited period -->
	<item id="14097" price="0" /> <!-- Scarecrow Jack Transformation Stick (Event) - 7-day limited period -->
	<item id="14098" price="0" /> <!-- Tin Golem Transformation Stick (event) - 7-day limited period -->
	<item id="12800" price="0" /> <!-- Pumpkin Transformation Stick - 30-day limited period -->
	<item id="13324" price="0" /> <!-- Pumpkin Transformation Stick (Event) - 30-day limited period -->
	<item id="13253" price="0" /> <!-- Pumpkin Transformation Stick - 7-day limited period -->
	<item id="13339" price="0" /> <!-- Pumpkin Transformation Stick (Event) - 7-day limited period -->
	<item id="12814" price="0" /> <!-- Shadow Item - Gatekeeper Transformation Stick -->
	<item id="15342" price="0" /> <!-- Aqua Elf Transforming Harp - 60-day limited period -->
	<item id="15344" price="0" /> <!-- Aqua Elf Transforming Harp (Event) - 60-day limited period -->
	<item id="20867" price="0" /> <!-- Kadomas Transformation Stick - 7-day limited period -->
</list>
