<?xml version="1.0" encoding="UTF-8"?>
<list xmlns:xsi="http://www.w3.org/2001/XMLSchema-instance" xsi:noNamespaceSchemaLocation="../xsd/buylist.xsd">
	<item id="52" price="0" /> <!-- Vesper Dual Sword -->
	<item id="13457" price="0" /> <!-- Vesper Cutter -->
	<item id="13458" price="0" /> <!-- Vesper Slasher -->
	<item id="13459" price="0" /> <!-- Vesper Buster -->
	<item id="13460" price="0" /> <!-- Vesper Shaper -->
	<item id="13461" price="0" /> <!-- Vesper Fighter -->
	<item id="13462" price="0" /> <!-- Vesper Stormer -->
	<item id="13463" price="0" /> <!-- Vesper Avenger -->
	<item id="13464" price="0" /> <!-- Vesper Retributer -->
	<item id="13465" price="0" /> <!-- Vesper Caster -->
	<item id="13466" price="0" /> <!-- Vesper Singer -->
	<item id="13467" price="0" /> <!-- Vesper Thrower -->
	<item id="13468" price="0" /> <!-- Vesper Pincer -->
	<item id="13469" price="0" /> <!-- Vesper Shooter -->
	<item id="13470" price="0" /> <!-- Vesper Nagan -->
	<item id="13884" price="0" /> <!-- Vesper Dual Daggers -->
	<item id="14118" price="0" /> <!-- Vesper Cutter - Haste -->
	<item id="14119" price="0" /> <!-- Vesper Cutter - Health -->
	<item id="14120" price="0" /> <!-- Vesper Cutter - Focus -->
	<item id="14121" price="0" /> <!-- Vesper Slasher - Haste -->
	<item id="14122" price="0" /> <!-- Vesper Slasher - Health -->
	<item id="14123" price="0" /> <!-- Vesper Slasher - Focus -->
	<item id="14124" price="0" /> <!-- Vesper Buster - Mana Up -->
	<item id="14125" price="0" /> <!-- Vesper Buster - Acumen -->
	<item id="14126" price="0" /> <!-- Vesper Buster - Magic Hold -->
	<item id="14127" price="0" /> <!-- Vesper Shaper - Critical Damage -->
	<item id="14128" price="0" /> <!-- Vesper Shaper - HP Drain -->
	<item id="14129" price="0" /> <!-- Vesper Shaper - Haste -->
	<item id="14130" price="0" /> <!-- Vesper Fighter - Focus -->
	<item id="14131" price="0" /> <!-- Vesper Fighter - Health -->
	<item id="14132" price="0" /> <!-- Vesper Fighter - Critical Stun -->
	<item id="14133" price="0" /> <!-- Vesper Stormer - Health -->
	<item id="14134" price="0" /> <!-- Vesper Stormer - Guidance -->
	<item id="14135" price="0" /> <!-- Vesper Stormer - Haste -->
	<item id="14136" price="0" /> <!-- Vesper Avenger - HP Drain -->
	<item id="14137" price="0" /> <!-- Vesper Avenger - Health -->
	<item id="14138" price="0" /> <!-- Vesper Avenger - HP Regeneration -->
	<item id="14139" price="0" /> <!-- Vesper Retributer - HP Regeneration -->
	<item id="14140" price="0" /> <!-- Vesper Retributer - Health -->
	<item id="14141" price="0" /> <!-- Vesper Retributer - HP Drain -->
	<item id="14142" price="0" /> <!-- Vesper Caster - Acumen -->
	<item id="14143" price="0" /> <!-- Vesper Caster - MP Regeneration -->
	<item id="14144" price="0" /> <!-- Vesper Caster - Mana Up -->
	<item id="14145" price="0" /> <!-- Vesper Singer - Empower -->
	<item id="14146" price="0" /> <!-- Vesper Singer - MP Regeneration -->
	<item id="14147" price="0" /> <!-- Vesper Singer - Magic Hold -->
	<item id="14148" price="0" /> <!-- Vesper Thrower - Cheap Shot -->
	<item id="14149" price="0" /> <!-- Vesper Thrower - Focus -->
	<item id="14150" price="0" /> <!-- Vesper Thrower - Critical Slow -->
	<item id="14151" price="0" /> <!-- Vesper Pincer - Haste -->
	<item id="14152" price="0" /> <!-- Vesper Pincer - Health -->
	<item id="14153" price="0" /> <!-- Vesper Pincer - Focus -->
	<item id="14154" price="0" /> <!-- Vesper Shooter - Cheap Shot -->
	<item id="14155" price="0" /> <!-- Vesper Shooter - Focus -->
	<item id="14156" price="0" /> <!-- Vesper Shooter - Critical Slow -->
	<item id="14157" price="0" /> <!-- Vesper Nagan - Haste -->
	<item id="14158" price="0" /> <!-- Vesper Nagan - Health -->
	<item id="14159" price="0" /> <!-- Vesper Nagan - Focus -->
</list>
