<?xml version="1.0" encoding="UTF-8"?>
<list xmlns:xsi="http://www.w3.org/2001/XMLSchema-instance" xsi:noNamespaceSchemaLocation="../xsd/buylist.xsd">
	<item id="13687" price="0" /> <!-- Knight's Cloak -->
	<item id="13688" price="0" /> <!-- Knight's Cloak - Light Armor exclusive -->
	<item id="13689" price="0" /> <!-- Knight's Cloak - Robe exclusive -->
	<item id="13690" price="0" /> <!-- Knight's Cloak - Kamael exclusive -->
	<item id="13889" price="0" /> <!-- Holy Spirit's Cloak - Kamael exclusive -->
	<item id="13890" price="0" /> <!-- Holy Spirit's Cloak -->
	<item id="13891" price="0" /> <!-- Holy Spirit's Cloak - Light Armor exclusive -->
	<item id="13892" price="0" /> <!-- Holy Spirit's Cloak - Robe exclusive -->
	<item id="14601" price="0" /> <!-- Ancient Cloak: Kamael exclusive - Kamael Use -->
	<item id="14608" price="0" /> <!-- Ancient Cloak: Light Armor exclusive -->
	<item id="14609" price="0" /> <!-- Ancient Cloak -->
	<item id="14610" price="0" /> <!-- Ancient Cloak: Robe exclusive -->
	<item id="13686" price="0" /> <!-- Sealed Knight's Cloak -->
	<item id="13893" price="0" /> <!-- Sealed Holy Spirit's Cloak -->
	<item id="14603" price="0" /> <!-- Sealed Ancient Cloak -->
</list>
