<?xml version="1.0" encoding="UTF-8"?>
<list xmlns:xsi="http://www.w3.org/2001/XMLSchema-instance" xsi:noNamespaceSchemaLocation="../xsd/buylist.xsd">
	<item id="11517" price="0" /> <!-- Dynasty Leather Armor -->
	<item id="11516" price="0" /> <!-- Dynasty Leather Leggings -->
	<item id="11515" price="0" /> <!-- Dynasty Leather Gloves -->
	<item id="11524" price="0" /> <!-- Dynasty Leather Boots -->
	<item id="11525" price="0" /> <!-- Dynasty Leather Helmet -->
	<item id="11527" price="0" /> <!-- Dynasty Breastplate -->
	<item id="11512" price="0" /> <!-- Dynasty Gaiters -->
	<item id="11513" price="0" /> <!-- Dynasty Gauntlet -->
	<item id="11526" price="0" /> <!-- Dynasty Boots -->
	<item id="11557" price="0" /> <!-- Dynasty Helmet -->
	<item id="11532" price="0" /> <!-- Dynasty Shield -->
	<item id="11547" price="0" /> <!-- Dynasty Tunic -->
	<item id="11558" price="0" /> <!-- Dynasty Stockings -->
	<item id="11514" price="0" /> <!-- Dynasty Gloves -->
	<item id="11533" price="0" /> <!-- Dynasty Shoes -->
	<item id="11539" price="0" /> <!-- Dynasty Circlet -->
</list>
